category_level_4_id,total_interactions,clicks,cart_additions,purchases,unique_products,purchase_share_percent
22195176,4208,3145,1013,50,2822,1.19
10138475,695,501,120,74,604,10.65
90597144,1252,916,290,46,685,3.67
56253428,2700,1964,567,169,1471,6.26
28122822,161,124,32,5,119,3.11
3664628,525,347,118,60,259,11.43
88459986,1304,1004,300,0,560,0.0
462318,14803,10540,4117,146,4571,0.99
3571214,421,303,112,6,281,1.43
50976767,243,181,50,12,212,4.94
57000119,1300,893,352,55,913,4.23
97531902,14,11,3,0,13,0.0
78672396,715,496,183,36,432,5.03
69726462,236,165,64,7,196,2.97
11704491,528,351,171,6,465,1.14
42124927,289,193,72,24,251,8.3
81784476,226,179,45,2,221,0.88
41408020,185,162,18,5,140,2.7
12930214,47,20,21,6,37,12.77
40968728,149,77,36,36,111,24.16
52744028,47,35,12,0,43,0.0
10709670,131,103,28,0,89,0.0
23068738,466,370,84,12,417,2.58
30659127,212,153,59,0,153,0.0
57945958,1599,1066,509,24,910,1.5
92917839,14,8,2,4,10,28.57
52181362,83,66,11,6,76,7.23
74945795,812,466,196,150,679,18.47
50615933,891,495,232,164,564,18.41
82092464,1475,874,458,143,863,9.69
94281717,2095,1427,646,22,728,1.05
81469486,77,41,26,10,57,12.99
41367368,748,574,146,28,723,3.74
58914556,2243,1532,691,20,1345,0.89
71665626,1036,789,188,59,723,5.69
18963160,124,86,29,9,104,7.26
71901979,1671,1206,377,88,1174,5.27
98317390,539,455,75,9,322,1.67
77556669,610,520,81,9,443,1.48
97122609,1799,1502,266,31,1437,1.72
93077236,7,5,2,0,7,0.0
14264576,356,204,112,40,277,11.24
9380805,136,107,29,0,115,0.0
55434389,216,120,75,21,111,9.72
54911609,954,741,195,18,833,1.89
74420904,798,697,97,4,698,0.5
43786541,591,408,136,47,509,7.95
76679610,1662,1435,198,29,1450,1.74
60748671,183,164,17,2,180,1.09
19219242,657,483,142,32,611,4.87
17563045,142,74,42,26,108,18.31
33046078,275,204,62,9,239,3.27
47312901,43,30,11,2,31,4.65
70369524,293,216,54,23,247,7.85
41588408,785,441,248,96,521,12.23
5614,19,11,7,1,17,5.26
74164066,60,34,13,13,34,21.67
20462397,43,28,8,7,31,16.28
59947703,364,298,53,13,331,3.57
87040126,37,23,8,6,35,16.22
42942963,96,74,14,8,93,8.33
7929383,1430,966,287,177,1175,12.38
28629983,590,478,91,21,561,3.56
43166208,90,56,34,0,45,0.0
33052312,218,163,53,2,168,0.92
20592324,5,2,3,0,5,0.0
68133621,4,1,3,0,3,0.0
28363226,2165,1374,731,60,1276,2.77
52312469,249,174,73,2,176,0.8
98347200,4,4,0,0,4,0.0
6722499,4,2,2,0,4,0.0
83225405,16,12,4,0,16,0.0
3268258,425,258,118,49,338,11.53
89708737,54,42,11,1,52,1.85
71432040,57,40,11,6,51,10.53
4782287,146,111,24,11,86,7.53
26950971,400,364,36,0,329,0.0
54081259,1,1,0,0,1,0.0
96794330,902,677,192,33,545,3.66
64854232,731,634,87,10,629,1.37
68538086,82,69,8,5,41,6.1
70254035,23,21,1,1,16,4.35
23348861,25,19,6,0,16,0.0
50138306,200,137,53,10,177,5.0
53488743,408,248,134,26,280,6.37
56552421,1761,1142,608,11,672,0.62
41302158,250,177,72,1,219,0.4
49490717,654,517,102,35,591,5.35
85556448,42,31,7,4,14,9.52
26554080,535,362,155,18,280,3.36
97489677,86,62,21,3,81,3.49
53164692,105,81,16,8,84,7.62
54526199,139,78,42,19,79,13.67
61909657,227,122,74,31,183,13.66
75664943,217,151,57,9,53,4.15
39451574,124,100,20,4,121,3.23
39670645,353,183,114,56,230,15.86
36512565,12,7,2,3,12,25.0
86156614,243,182,60,1,180,0.41
64822273,420,298,115,7,279,1.67
66362492,364,275,71,18,350,4.95
89295267,187,155,26,6,169,3.21
21684155,118,81,33,4,110,3.39
18962217,124,65,40,19,77,15.32
53977170,586,274,193,119,401,20.31
85532793,1075,789,215,71,954,6.6
41807301,327,250,66,11,321,3.36
26781070,213,154,54,5,204,2.35
24920771,11,4,6,1,10,9.09
67950286,98,66,25,7,83,7.14
50390528,425,260,119,46,372,10.82
35888204,276,191,78,7,215,2.54
30450451,851,616,182,53,733,6.23
17274425,109,96,13,0,99,0.0
13428762,34,25,8,1,23,2.94
46919769,120,76,24,20,78,16.67
28178755,559,310,175,74,434,13.24
49251719,8,8,0,0,6,0.0
80694214,61,49,8,4,45,6.56
65689788,120,78,21,21,105,17.5
73102412,937,765,129,43,805,4.59
35033444,15,8,4,3,13,20.0
22271273,41,18,18,5,34,12.2
53741505,67,44,18,5,57,7.46
84932676,448,364,65,19,393,4.24
91376826,40,33,7,0,39,0.0
64596584,948,634,299,15,624,1.58
53704463,806,506,210,90,375,11.17
68855741,447,274,105,68,252,15.21
27665132,55,48,7,0,47,0.0
49839459,106,75,24,7,90,6.6
7471793,379,293,82,4,343,1.06
90750795,69,49,19,1,64,1.45
73411641,105,49,36,20,82,19.05
64199980,65,34,16,15,52,23.08
32714450,385,293,72,20,345,5.19
86379184,194,119,56,19,95,9.79
63828130,184,144,36,4,175,2.17
5508393,1,0,0,1,1,100.0
12366543,47,36,7,4,30,8.51
93552265,1129,940,149,40,975,3.54
22645559,187,150,29,8,176,4.28
46935830,386,190,107,89,294,23.06
32130995,2479,1886,433,160,2279,6.45
93675297,712,532,179,1,454,0.14
9658743,185,143,42,0,93,0.0
61422541,661,452,160,49,334,7.41
98305498,1696,1349,340,7,1069,0.41
85210979,139,86,38,15,114,10.79
71707720,134,74,41,19,89,14.18
38603675,151,100,37,14,137,9.27
38050090,357,255,72,30,301,8.4
99233336,387,281,81,25,231,6.46
53372063,1229,1022,193,14,1020,1.14
97419353,124,78,29,17,75,13.71
24396768,508,423,76,9,432,1.77
74735570,13,7,4,2,11,15.38
40371795,109,95,13,1,88,0.92
93757063,91,80,9,2,71,2.2
66552986,181,162,19,0,159,0.0
32377447,187,153,34,0,168,0.0
17694933,65,36,19,10,52,15.38
88279186,795,531,225,39,497,4.91
34681978,216,123,54,39,165,18.06
2341523,36,22,11,3,35,8.33
25024520,35,17,12,6,33,17.14
84415973,18,12,4,2,16,11.11
45358775,146,98,38,10,86,6.85
14778911,334,210,94,30,170,8.98
45793392,205,124,58,23,166,11.22
92153662,394,243,111,40,285,10.15
19183452,281,184,68,29,230,10.32
99556502,492,376,98,18,375,3.66
48911436,223,128,58,37,154,16.59
24092648,374,262,80,32,308,8.56
85995204,26,17,9,0,22,0.0
93962398,307,230,52,25,244,8.14
68353175,10,8,1,1,9,10.0
49880913,293,203,73,17,167,5.8
72976019,70,52,14,4,50,5.71
13964116,255,133,96,26,219,10.2
97279352,448,390,45,13,404,2.9
42200395,88,71,15,2,79,2.27
12388427,19,16,2,1,13,5.26
74251600,315,263,51,1,250,0.32
83879179,206,157,38,11,187,5.34
37163017,18,11,7,0,13,0.0
197642,104,81,18,5,79,4.81
99266476,82,33,31,18,77,21.95
2078714,278,187,88,3,184,1.08
70405601,362,262,75,25,296,6.91
22842186,539,376,131,32,344,5.94
47473296,107,72,23,12,90,11.21
51654533,54,24,20,10,22,18.52
8124406,130,105,23,2,115,1.54
84912212,151,113,27,11,136,7.28
15316318,21,18,1,2,21,9.52
40491221,15,5,8,2,14,13.33
35850708,133,82,35,16,114,12.03
28208008,253,189,64,0,228,0.0
40919184,138,108,28,2,126,1.45
47462334,20,13,2,5,11,25.0
51395640,772,422,214,136,617,17.62
4179153,463,317,103,43,292,9.29
90183641,53,43,7,3,53,5.66
16142404,4,2,2,0,4,0.0
91440487,275,207,59,9,257,3.27
59152399,689,424,164,101,506,14.66
4622798,305,207,80,18,240,5.9
69208199,127,109,15,3,117,2.36
14644454,338,215,85,38,279,11.24
99348474,159,95,39,25,93,15.72
71451560,486,218,166,102,193,20.99
52331699,375,325,43,7,325,1.87
16151119,160,83,47,30,94,18.75
24964104,624,453,96,75,339,12.02
83171919,750,594,136,20,626,2.67
18750931,231,187,37,7,231,3.03
26397670,747,508,174,65,432,8.7
44944661,134,101,33,0,110,0.0
14503291,40,39,1,0,30,0.0
23794926,1490,1276,171,43,1317,2.89
10786036,26,19,5,2,26,7.69
63728564,176,128,43,5,166,2.84
91275015,13,10,3,0,13,0.0
24414410,67,58,6,3,63,4.48
72431857,106,80,20,6,93,5.66
43234307,1393,811,415,167,960,11.99
99548114,31,21,8,2,28,6.45
77255620,1052,545,322,185,473,17.59
73533951,132,74,44,14,97,10.61
78485852,43,32,9,2,25,4.65
76876190,191,120,52,19,115,9.95
8268212,1028,628,273,127,897,12.35
99421918,13,6,5,2,8,15.38
33023047,2677,1743,908,26,1270,0.97
15231320,130,109,20,1,124,0.77
22371910,250,182,60,8,177,3.2
52199611,370,237,129,4,195,1.08
77813743,77,49,23,5,75,6.49
46812845,352,223,95,34,308,9.66
1824054,138,104,23,11,113,7.97
92341290,48,33,14,1,34,2.08
38824554,621,352,174,95,440,15.3
28707448,100,94,6,0,93,0.0
4150173,62,39,18,5,56,8.06
66771867,487,278,167,42,197,8.62
14729748,323,246,59,18,134,5.57
29149403,885,574,221,90,745,10.17
90631212,244,194,41,9,213,3.69
20709258,40,33,6,1,39,2.5
13329243,69,36,20,13,48,18.84
52571183,48,42,6,0,46,0.0
91916559,488,347,125,16,325,3.28
91347620,19,17,2,0,17,0.0
65805925,43,32,9,2,32,4.65
84850843,41,34,6,1,36,2.44
57671934,36,21,15,0,33,0.0
27100769,145,92,35,18,117,12.41
84379834,8,8,0,0,8,0.0
56372258,1,1,0,0,1,0.0
93525100,539,348,177,14,283,2.6
76077632,100,72,21,7,45,7.0
80674317,223,126,67,30,162,13.45
61214011,91,65,25,1,75,1.1
21821751,152,111,25,16,143,10.53
39517538,232,167,61,4,91,1.72
68843141,1535,923,470,142,1068,9.25
78977097,135,81,44,10,111,7.41
79068252,174,125,39,10,123,5.75
69371642,146,125,17,4,82,2.74
3959342,116,74,35,7,76,6.03
56215843,501,376,103,22,346,4.39
79778144,120,72,35,13,109,10.83
96515456,3,3,0,0,3,0.0
99219026,80,56,18,6,80,7.5
31635007,32,20,11,1,26,3.12
12810220,1308,952,298,58,942,4.43
94666133,198,151,39,8,101,4.04
25921305,19,9,10,0,19,0.0
50020872,258,158,58,42,226,16.28
3772584,116,79,33,4,108,3.45
8928760,17,13,2,2,16,11.76
88491972,108,99,9,0,103,0.0
4220381,43,23,13,7,40,16.28
64608240,422,332,78,12,378,2.84
96073414,472,413,52,7,408,1.48
43001676,263,180,81,2,107,0.76
63256748,135,82,46,7,111,5.19
56829204,56,38,13,5,42,8.93
22088042,26,16,7,3,21,11.54
90172030,511,399,93,19,438,3.72
89497422,11,8,2,1,6,9.09
4646879,81,58,15,8,50,9.88
55523493,870,724,122,24,777,2.76
37489828,79,52,15,12,47,15.19
308655,45,25,14,6,31,13.33
48802285,114,103,11,0,106,0.0
63159905,30,27,2,1,30,3.33
43880364,91,44,31,16,55,17.58
43771093,277,177,56,44,195,15.88
25421394,521,398,107,16,361,3.07
96770636,58,42,11,5,51,8.62
20817137,124,90,20,14,73,11.29
42655074,128,102,25,1,122,0.78
95011988,106,61,32,13,87,12.26
8059148,144,97,38,9,97,6.25
70348733,6,5,1,0,4,0.0
75475560,115,86,19,10,90,8.7
42660924,242,175,62,5,164,2.07
2035113,116,71,29,16,112,13.79
86996973,48,39,8,1,37,2.08
60721449,135,116,17,2,119,1.48
55455807,30,22,6,2,27,6.67
93762139,147,84,38,25,94,17.01
12264173,87,50,31,6,69,6.9
52139568,56,48,6,2,53,3.57
5067116,22,8,8,6,17,27.27
37175543,84,56,21,7,75,8.33
52074395,36,23,7,6,22,16.67
53018823,783,523,200,60,651,7.66
64115588,900,648,228,24,601,2.67
42431718,150,89,38,23,97,15.33
87749919,148,110,27,11,99,7.43
24735785,44,25,12,7,32,15.91
79393945,44,21,17,6,40,13.64
14071807,392,235,114,43,261,10.97
37757495,648,577,58,13,583,2.01
44610525,807,423,211,173,405,21.44
53251944,85,68,15,2,73,2.35
58939778,460,250,139,71,262,15.43
10447921,15,8,7,0,13,0.0
39127910,62,51,11,0,55,0.0
66186862,531,482,46,3,517,0.56
86060518,92,62,25,5,88,5.43
47569542,73,51,21,1,71,1.37
19975507,213,186,26,1,183,0.47
62274523,649,389,170,90,408,13.87
23109281,228,138,63,27,201,11.84
2222266,188,140,36,12,168,6.38
18547917,132,66,37,29,88,21.97
27781712,97,87,7,3,94,3.09
21496033,67,51,10,6,62,8.96
68267074,88,64,17,7,54,7.95
40361880,133,81,30,22,102,16.54
2721555,103,87,12,4,98,3.88
33181965,155,104,34,17,100,10.97
16545977,331,227,81,23,283,6.95
3113548,351,222,96,33,179,9.4
96979340,21,16,2,3,21,14.29
66325639,102,89,11,2,65,1.96
29155652,189,127,50,12,143,6.35
8268887,70,45,19,6,44,8.57
92289547,50,27,16,7,35,14.0
89298849,68,54,14,0,65,0.0
33939580,50,45,5,0,46,0.0
5600677,16,10,5,1,16,6.25
73294067,402,236,113,53,293,13.18
52717189,47,28,13,6,42,12.77
87951211,74,45,19,10,72,13.51
85800296,107,74,32,1,106,0.93
11436951,26,23,3,0,26,0.0
32334597,174,132,27,15,164,8.62
15036558,124,95,19,10,106,8.06
94484439,743,498,177,68,507,9.15
80457198,272,219,39,14,193,5.15
33600532,120,71,28,21,90,17.5
85316473,48,27,20,1,33,2.08
97368190,554,375,154,25,294,4.51
76173162,593,407,148,38,451,6.41
49572064,345,207,99,39,254,11.3
55853312,432,334,74,24,398,5.56
99541197,466,349,94,23,335,4.94
69917807,14,14,0,0,13,0.0
70711013,377,321,48,8,353,2.12
33958481,464,255,145,64,328,13.79
47745653,193,119,45,29,92,15.03
17071441,67,42,18,7,53,10.45
97627641,150,89,51,10,95,6.67
40215164,389,237,112,40,233,10.28
46209866,24,17,7,0,20,0.0
48215908,610,546,59,5,563,0.82
55780871,95,48,33,14,58,14.74
92144478,375,210,113,52,249,13.87
13145724,312,256,44,12,287,3.85
86594339,193,141,29,23,134,11.92
31660906,140,89,40,11,127,7.86
48155391,240,152,77,11,148,4.58
7021057,93,68,21,4,90,4.3
89851333,58,34,18,6,51,10.34
99504987,464,361,77,26,400,5.6
88063261,53,45,5,3,43,5.66
58167695,140,93,42,5,114,3.57
21451819,279,194,56,29,242,10.39
34898612,281,211,60,10,148,3.56
47729357,358,228,109,21,308,5.87
76628291,269,153,81,35,198,13.01
96657998,1234,958,254,22,597,1.78
33042747,291,172,96,23,277,7.9
93815500,113,47,38,28,57,24.78
23797792,236,173,30,33,159,13.98
70486881,233,151,77,5,159,2.15
92107860,30,24,6,0,24,0.0
87519892,31,16,11,4,28,12.9
15148429,165,109,42,14,72,8.48
46849520,138,87,48,3,74,2.17
46128780,290,217,60,13,233,4.48
28756116,22,6,14,2,19,9.09
15818111,216,185,31,0,203,0.0
12245037,588,455,121,12,461,2.04
58122250,480,345,114,21,385,4.38
33020652,194,132,59,3,163,1.55
7072700,213,158,37,18,150,8.45
8841548,242,178,63,1,99,0.41
60170519,20,14,4,2,13,10.0
86334965,109,46,26,37,72,33.94
11093722,137,94,34,9,76,6.57
50487363,210,126,50,34,177,16.19
90965101,495,343,131,21,229,4.24
6579735,276,196,69,11,198,3.99
15771246,570,441,124,5,469,0.88
70818575,221,142,59,20,186,9.05
46544491,415,275,90,50,327,12.05
33849807,46,26,20,0,45,0.0
92768165,47,38,9,0,37,0.0
53186479,53,34,19,0,26,0.0
68931338,304,230,61,13,150,4.28
4019758,62,41,18,3,57,4.84
37384657,20,12,8,0,19,0.0
1158016,193,134,34,25,159,12.95
41244231,602,400,182,20,253,3.32
64675764,59,34,22,3,40,5.08
85509980,730,567,118,45,580,6.16
80890374,267,184,60,23,200,8.61
74636316,38,17,14,7,29,18.42
20882989,201,172,26,3,189,1.49
74455170,245,204,37,4,220,1.63
21139094,158,126,32,0,131,0.0
77225442,27,14,6,7,25,25.93
45654543,73,61,10,2,56,2.74
69380364,88,66,17,5,45,5.68
23057290,135,79,39,17,122,12.59
1957056,76,49,19,8,68,10.53
98542672,60,36,17,7,55,11.67
49618507,739,543,160,36,422,4.87
14600327,20,11,6,3,19,15.0
59737092,220,132,62,26,168,11.82
23196472,550,294,173,83,331,15.09
58175875,446,220,153,73,344,16.37
94807151,161,139,21,1,153,0.62
70639810,237,146,70,21,168,8.86
17386150,56,37,13,6,35,10.71
66044134,41,25,10,6,34,14.63
14056068,401,312,63,26,313,6.48
23524374,224,154,54,16,177,7.14
4295037,156,133,20,3,140,1.92
22175092,160,120,33,7,129,4.38
74862996,696,349,253,94,465,13.51
53532960,297,228,49,20,244,6.73
85496274,214,142,58,14,110,6.54
21313112,307,258,47,2,270,0.65
32657487,196,119,40,37,105,18.88
41838728,131,63,35,33,96,25.19
85262244,245,161,48,36,189,14.69
38676821,222,123,68,31,198,13.96
35662908,134,59,41,34,104,25.37
47416673,62,52,7,3,56,4.84
85298096,47,40,7,0,45,0.0
76896303,66,59,7,0,64,0.0
55403602,75,53,17,5,47,6.67
41607920,79,60,16,3,52,3.8
70550765,270,199,64,7,191,2.59
74726038,338,199,100,39,260,11.54
52258484,178,100,76,2,140,1.12
32739738,24,11,9,4,21,16.67
76578628,54,23,20,11,31,20.37
6347193,107,92,15,0,104,0.0
32703131,525,430,72,23,459,4.38
39879232,25,15,9,1,23,4.0
14257656,125,92,32,1,88,0.8
18187993,25,13,9,3,24,12.0
94059756,76,47,21,8,47,10.53
67503211,52,25,21,6,40,11.54
21583771,482,425,50,7,400,1.45
40480688,668,508,129,31,433,4.64
76273206,332,310,22,0,305,0.0
47866378,87,29,48,10,51,11.49
50594114,566,315,173,78,321,13.78
64992800,62,26,23,13,34,20.97
96009948,59,33,17,9,49,15.25
71995733,446,262,103,81,283,18.16
96397707,118,57,43,18,71,15.25
93750790,141,103,33,5,126,3.55
74331928,834,628,175,31,810,3.72
91241424,108,94,12,2,107,1.85
24886504,110,83,27,0,105,0.0
34154336,3,3,0,0,3,0.0
3565585,403,337,51,15,375,3.72
38284740,63,53,8,2,60,3.17
80829967,527,439,84,4,476,0.76
54111039,120,74,36,10,70,8.33
72190064,29,21,6,2,27,6.9
2565389,62,37,22,3,44,4.84
99185081,158,69,50,39,86,24.68
63250078,416,235,126,55,262,13.22
42459672,38,32,6,0,27,0.0
45981759,130,64,39,27,94,20.77
13056195,75,49,22,4,59,5.33
90989517,175,108,57,10,143,5.71
35631520,216,126,62,28,133,12.96
99806344,98,48,38,12,63,12.24
47333310,88,57,24,7,72,7.95
13015525,650,379,183,88,500,13.54
26329835,55,44,9,2,52,3.64
64443247,24,19,5,0,23,0.0
11177625,75,43,20,12,43,16.0
8545872,61,45,15,1,41,1.64
13041331,118,95,22,1,102,0.85
47907750,140,89,41,10,113,7.14
20872502,216,162,47,7,141,3.24
63216369,54,28,19,7,47,12.96
3251826,134,57,52,25,75,18.66
11495687,179,120,43,16,156,8.94
63696929,365,271,93,1,221,0.27
37536439,36,21,13,2,30,5.56
45541675,26,18,7,1,23,3.85
85668264,54,43,9,2,53,3.7
10183321,98,60,26,12,29,12.24
65420542,192,154,30,8,185,4.17
10179959,89,37,36,16,62,17.98
75607731,129,104,25,0,101,0.0
56249876,79,54,19,6,62,7.59
29846752,76,46,22,8,71,10.53
79503840,171,118,40,13,107,7.6
45407839,301,259,37,5,271,1.66
1980249,453,280,166,7,299,1.55
47221264,23,15,8,0,22,0.0
42435620,47,17,18,12,32,25.53
6011045,487,344,116,27,397,5.54
48591967,218,120,82,16,153,7.34
12210640,115,89,25,1,100,0.87
61302480,121,72,32,17,67,14.05
36203298,5,3,2,0,4,0.0
56872973,344,226,105,13,248,3.78
53312317,7,5,2,0,7,0.0
28448742,112,78,24,10,64,8.93
76760671,406,297,99,10,211,2.46
13867231,78,55,18,5,37,6.41
93977853,34,22,11,1,30,2.94
89719270,4,4,0,0,4,0.0
10405752,52,44,8,0,52,0.0
3835490,58,49,8,1,32,1.72
68953453,271,205,48,18,153,6.64
47417169,223,158,64,1,178,0.45
36818662,95,70,19,6,91,6.32
93623029,6,5,1,0,6,0.0
42758689,700,626,68,6,620,0.86
18060951,218,160,40,18,197,8.26
86093676,223,170,53,0,169,0.0
46996509,84,59,21,4,60,4.76
73042791,31,26,4,1,29,3.23
11350368,107,63,29,15,69,14.02
7566888,201,156,26,19,150,9.45
29006964,33,19,13,1,29,3.03
96841979,755,544,160,51,655,6.75
96704617,65,59,5,1,50,1.54
44523936,6,5,1,0,5,0.0
30715042,35,20,10,5,31,14.29
74255743,4,3,0,1,4,25.0
47370096,71,41,21,9,62,12.68
61445648,7,6,1,0,6,0.0
41269768,507,343,136,28,386,5.52
69944498,135,112,21,2,97,1.48
23944182,325,171,99,55,210,16.92
68784946,99,43,35,21,72,21.21
89054748,416,290,82,44,319,10.58
17941177,175,96,45,34,145,19.43
91023095,332,176,102,54,213,16.27
17119607,180,131,39,10,147,5.56
10294982,81,33,25,23,52,28.4
28352634,174,120,39,15,144,8.62
22461460,68,48,13,7,66,10.29
24034610,187,115,48,24,137,12.83
26211155,180,108,49,23,131,12.78
41104195,409,286,110,13,338,3.18
78413127,145,84,51,10,95,6.9
44960855,202,150,41,11,164,5.45
97759187,14,8,4,2,12,14.29
88352487,150,97,51,2,108,1.33
66895855,155,62,50,43,51,27.74
8112647,119,101,17,1,115,0.84
72835608,478,296,107,75,298,15.69
3750833,283,177,77,29,262,10.25
8089242,376,269,80,27,285,7.18
95068948,204,117,62,25,139,12.25
81938726,53,28,16,9,31,16.98
78474418,53,28,18,7,33,13.21
16889993,330,277,48,5,296,1.52
96704406,164,81,41,42,100,25.61
70737794,45,31,11,3,36,6.67
42786160,395,246,104,45,335,11.39
1143505,140,108,24,8,87,5.71
16266955,34,25,8,1,23,2.94
70012663,39,31,6,2,36,5.13
23842639,21,11,7,3,20,14.29
29421017,342,223,76,43,289,12.57
3994767,453,309,137,7,319,1.55
97463535,101,81,18,2,91,1.98
41651107,127,107,17,3,119,2.36
68309493,34,13,15,6,30,17.65
45112970,694,581,98,15,626,2.16
71649662,346,234,92,20,292,5.78
69463344,248,181,62,5,221,2.02
38784108,61,49,8,4,51,6.56
69151849,22,10,11,1,20,4.55
8303927,280,143,102,35,180,12.5
89678431,42,26,15,1,36,2.38
91553326,118,70,31,17,113,14.41
97280782,295,233,62,0,233,0.0
609853,46,35,7,4,44,8.7
72135638,83,50,20,13,73,15.66
38734274,77,43,22,12,61,15.58
86506831,47,39,7,1,46,2.13
49221437,153,111,40,2,129,1.31
89850585,220,95,71,54,137,24.55
52457206,64,42,19,3,47,4.69
69857404,24,17,5,2,20,8.33
3892387,184,140,33,11,176,5.98
663833,169,142,25,2,93,1.18
46992731,12,8,2,2,10,16.67
16893312,234,154,57,23,210,9.83
95857956,44,33,11,0,41,0.0
25771664,74,47,19,8,48,10.81
82414800,355,265,88,2,155,0.56
62897298,10,4,5,1,10,10.0
44162082,38,26,12,0,32,0.0
27259769,77,45,18,14,61,18.18
29545026,145,107,34,4,122,2.76
45024549,203,115,61,27,161,13.3
70579420,29,18,9,2,24,6.9
10813437,4,4,0,0,4,0.0
53068061,51,37,12,2,40,3.92
98469105,271,200,64,7,232,2.58
55532683,7,7,0,0,7,0.0
95151198,13,12,1,0,11,0.0
59659472,142,96,26,20,94,14.08
79453308,314,247,59,8,301,2.55
5472081,48,34,7,7,38,14.58
84391388,106,81,22,3,82,2.83
67997138,39,27,9,3,36,7.69
25642117,66,47,18,1,56,1.52
15039624,136,72,54,10,107,7.35
81734708,198,131,59,8,136,4.04
92643096,14,7,5,2,11,14.29
96480712,66,39,21,6,41,9.09
19773123,3,2,1,0,3,0.0
88698938,152,113,38,1,130,0.66
72367717,315,289,24,2,297,0.63
58897565,10,7,3,0,10,0.0
71784186,8,5,2,1,8,12.5
90993554,121,100,21,0,90,0.0
12709590,130,111,19,0,121,0.0
98243392,1,0,1,0,1,0.0
23848384,56,21,15,20,32,35.71
34688471,6,4,2,0,6,0.0
94776377,5,3,1,1,5,20.0
77826745,160,93,43,24,126,15.0
15160354,254,143,86,25,192,9.84
86960403,512,419,68,25,481,4.88
54700437,52,31,14,7,31,13.46
47959914,33,10,22,1,23,3.03
45106030,23,14,7,2,20,8.7
55517175,96,68,23,5,46,5.21
32381902,4,4,0,0,4,0.0
60782419,30,25,3,2,29,6.67
1932017,34,27,6,1,21,2.94
20160672,134,88,31,15,113,11.19
16818035,54,31,18,5,47,9.26
65606675,93,51,33,9,66,9.68
48302558,630,394,165,71,537,11.27
60447058,10,6,4,0,10,0.0
13788531,2,2,0,0,2,0.0
77509856,189,145,32,12,150,6.35
23126453,142,82,48,12,90,8.45
89073471,645,471,155,19,549,2.95
52398879,51,36,12,3,46,5.88
56042730,547,386,126,35,457,6.4
93951133,75,37,16,22,54,29.33
84573096,25,10,8,7,20,28.0
808378,9,7,1,1,9,11.11
99688335,98,85,13,0,94,0.0
85581312,119,86,22,11,83,9.24
23735961,303,185,95,23,190,7.59
75366189,166,123,34,9,138,5.42
48337914,440,266,150,24,278,5.45
14649435,1120,705,383,32,746,2.86
45623919,46,36,9,1,25,2.17
82879336,79,56,14,9,67,11.39
46995164,154,86,52,16,118,10.39
41516095,20,11,8,1,18,5.0
35047102,114,85,21,8,97,7.02
33003351,30,19,8,3,25,10.0
80704093,194,150,43,1,145,0.52
11300604,92,57,24,11,83,11.96
81143021,117,103,11,3,83,2.56
19042521,18,14,2,2,15,11.11
81571389,17,13,2,2,11,11.76
22859637,44,22,15,7,35,15.91
69807684,136,76,46,14,98,10.29
85278679,78,69,9,0,76,0.0
1876292,51,29,10,12,45,23.53
86143150,265,191,67,7,185,2.64
60894703,145,108,26,11,136,7.59
2702285,74,44,19,11,61,14.86
74091086,2,1,1,0,2,0.0
8366337,88,69,11,8,83,9.09
13366936,306,196,94,16,193,5.23
78337739,173,143,26,4,98,2.31
22451312,25,16,7,2,24,8.0
36933694,118,92,24,2,110,1.69
23604638,72,52,20,0,69,0.0
93361085,124,97,26,1,107,0.81
30162197,198,136,62,0,168,0.0
71489805,84,57,15,12,62,14.29
64475777,19,13,4,2,17,10.53
88493844,12,8,3,1,12,8.33
80105920,1,0,1,0,1,0.0
97013513,92,52,31,9,71,9.78
35278600,29,23,5,1,17,3.45
9933294,74,64,6,4,72,5.41
70837001,371,287,70,14,343,3.77
27021555,74,74,0,0,45,0.0
3483426,6,6,0,0,6,0.0
90380851,320,254,44,22,313,6.88
58940476,71,40,19,12,42,16.9
3006672,1,1,0,0,1,0.0
21455884,3,2,0,1,3,33.33
81736218,31,16,12,3,27,9.68
10362769,82,46,20,16,41,19.51
467637,194,134,50,10,130,5.15
79294775,4,3,1,0,4,0.0
62241484,61,48,9,4,60,6.56
15059532,2,1,1,0,2,0.0
11952707,273,165,61,47,236,17.22
29138740,89,66,23,0,81,0.0
44713089,103,81,19,3,88,2.91
45641666,22,16,4,2,19,9.09
10105618,102,52,41,9,58,8.82
96608802,80,74,5,1,77,1.25
60656678,132,86,30,16,78,12.12
40082737,29,17,11,1,25,3.45
98505814,66,59,5,2,53,3.03
1557085,58,30,16,12,35,20.69
71214558,22,15,4,3,17,13.64
84056031,42,24,7,11,42,26.19
59299099,226,173,35,18,199,7.96
9511451,42,32,10,0,40,0.0
74319511,138,124,12,2,123,1.45
82985516,53,35,13,5,41,9.43
53761177,13,9,2,2,13,15.38
31704593,11,9,1,1,11,9.09
96290623,19,7,8,4,14,21.05
39484476,10,7,3,0,10,0.0
53357194,34,25,9,0,32,0.0
39806603,37,20,10,7,26,18.92
99558192,280,231,49,0,253,0.0
50485737,168,96,46,26,114,15.48
75929435,193,79,61,53,69,27.46
7142924,163,124,36,3,121,1.84
13861728,9,6,3,0,8,0.0
54614976,140,102,34,4,113,2.86
56970994,265,192,70,3,123,1.13
33353101,251,186,61,4,215,1.59
61078789,147,81,43,23,116,15.65
2168366,34,25,4,5,33,14.71
93671184,423,253,112,58,347,13.71
80933392,137,117,17,3,126,2.19
30727914,149,91,48,10,69,6.71
15497980,278,232,44,2,243,0.72
63802777,108,88,19,1,79,0.93
45576833,32,20,8,4,30,12.5
22035193,64,53,7,4,43,6.25
4274169,184,110,50,24,120,13.04
89495331,12,8,2,2,8,16.67
24750017,300,241,39,20,243,6.67
32730556,106,89,12,5,99,4.72
72237429,219,199,19,1,197,0.46
43370586,20,11,8,1,18,5.0
88290531,6,3,3,0,4,0.0
41484130,11,6,3,2,11,18.18
1814232,31,18,11,2,28,6.45
38775276,18,17,1,0,17,0.0
69873001,7,6,0,1,5,14.29
17592911,211,142,48,21,148,9.95
26172022,142,111,30,1,121,0.7
48611975,61,55,6,0,58,0.0
30778689,41,34,7,0,33,0.0
51791036,156,123,22,11,117,7.05
41465460,101,85,13,3,91,2.97
16089450,472,284,127,61,356,12.92
82537344,70,44,18,8,68,11.43
13252504,64,42,19,3,56,4.69
13241027,74,33,26,15,55,20.27
8151805,394,337,55,2,321,0.51
39542569,21,16,4,1,21,4.76
62703805,4,3,1,0,4,0.0
66172518,77,56,18,3,75,3.9
91077687,47,29,13,5,37,10.64
19040190,89,73,14,2,87,2.25
55892983,253,186,59,8,143,3.16
68146422,43,24,19,0,36,0.0
23341139,108,88,19,1,100,0.93
73737526,47,29,11,7,40,14.89
21143929,67,29,24,14,27,20.9
3166844,4,4,0,0,4,0.0
9522926,8,2,5,1,8,12.5
49050740,419,284,110,25,298,5.97
87810974,165,130,31,4,153,2.42
12052615,162,120,38,4,135,2.47
39580270,14,8,5,1,14,7.14
91657859,37,19,16,2,36,5.41
57620461,17,9,7,1,14,5.88
22337884,491,376,111,4,413,0.81
55403782,223,193,30,0,193,0.0
16219542,214,146,59,9,158,4.21
25557130,114,92,17,5,92,4.39
28140606,298,242,51,5,280,1.68
2725017,406,283,101,22,172,5.42
37739194,254,186,53,15,211,5.91
93533422,431,384,45,2,404,0.46
93752674,124,118,6,0,113,0.0
72676051,102,88,12,2,101,1.96
63163138,46,29,14,3,35,6.52
45195622,25,18,5,2,22,8.0
27701603,39,27,8,4,33,10.26
33362375,211,118,62,31,137,14.69
61139191,49,36,13,0,49,0.0
4036682,104,75,20,9,84,8.65
41658678,33,19,10,4,28,12.12
58261536,150,118,32,0,125,0.0
70032647,4,2,1,1,3,25.0
84416827,22,7,11,4,19,18.18
40946905,53,22,20,11,40,20.75
84378087,142,115,23,4,133,2.82
22281144,58,50,8,0,58,0.0
25012469,58,48,10,0,56,0.0
80225884,42,30,8,4,35,9.52
42361917,111,76,26,9,76,8.11
44066710,37,28,7,2,33,5.41
9231920,197,115,64,18,148,9.14
20061589,39,35,3,1,38,2.56
41293785,30,16,12,2,27,6.67
10370872,40,24,6,10,30,25.0
15406647,132,67,39,26,76,19.7
7044588,30,26,4,0,28,0.0
72734776,16,9,7,0,13,0.0
28053233,41,29,8,4,26,9.76
5900556,85,53,18,14,66,16.47
8225121,82,54,24,4,63,4.88
16222543,419,361,54,4,398,0.95
51372824,38,26,6,6,29,15.79
65106686,125,75,35,15,100,12.0
75293909,85,66,12,7,76,8.24
40205139,76,48,28,0,58,0.0
45668128,78,47,27,4,61,5.13
48360565,118,90,27,1,115,0.85
27738256,74,39,19,16,63,21.62
79966232,67,39,20,8,54,11.94
86580769,2,2,0,0,2,0.0
77923086,5,3,2,0,5,0.0
44888587,10,6,3,1,10,10.0
19474995,614,473,119,22,436,3.58
11016049,29,21,8,0,29,0.0
52659534,14,11,3,0,12,0.0
14398548,77,64,13,0,68,0.0
69697268,105,59,36,10,85,9.52
5807073,115,65,46,4,79,3.48
36641027,422,223,134,65,249,15.4
32957191,25,13,11,1,19,4.0
64512698,17,10,6,1,15,5.88
11433106,14,12,2,0,13,0.0
55426064,34,29,4,1,31,2.94
27879457,103,72,26,5,72,4.85
43813831,31,27,4,0,29,0.0
93375519,76,46,16,14,45,18.42
46572108,238,187,41,10,200,4.2
28241072,18,13,5,0,18,0.0
3040987,32,23,6,3,22,9.38
63888830,76,69,7,0,67,0.0
19177310,127,79,30,18,98,14.17
21407628,17,12,3,2,16,11.76
32414186,117,92,21,4,85,3.42
43427505,323,277,45,1,272,0.31
85484619,28,17,8,3,28,10.71
64895055,156,126,27,3,121,1.92
96489506,31,21,7,3,26,9.68
96502358,126,76,31,19,85,15.08
70614240,144,119,22,3,124,2.08
60321210,25,20,5,0,25,0.0
35031980,108,66,30,12,88,11.11
95117697,41,11,23,7,39,17.07
58333905,4,3,1,0,3,0.0
18747767,151,90,37,24,97,15.89
71707845,62,39,20,3,47,4.84
65122228,405,257,102,46,347,11.36
70642549,54,43,10,1,44,1.85
36771683,37,23,7,7,33,18.92
44868116,52,28,16,8,46,15.38
19630389,92,56,29,7,82,7.61
46544554,7,5,1,1,6,14.29
28867233,214,185,20,9,186,4.21
56049671,215,180,29,6,194,2.79
79659944,59,54,5,0,57,0.0
56194074,90,49,25,16,68,17.78
69390270,20,11,8,1,18,5.0
6917452,8,6,2,0,7,0.0
42753152,242,190,51,1,211,0.41
31634410,8,6,2,0,8,0.0
78985673,157,142,10,5,153,3.18
92494966,18,12,3,3,18,16.67
84368765,82,39,27,16,51,19.51
98180757,138,112,25,1,113,0.72
65095847,151,112,29,10,110,6.62
51850793,60,51,9,0,56,0.0
43329028,65,41,20,4,65,6.15
17198485,75,33,28,14,53,18.67
80974640,215,98,56,61,111,28.37
83261719,447,306,93,48,282,10.74
11101631,74,48,15,11,60,14.86
61583766,9,5,3,1,9,11.11
1820697,320,247,58,15,186,4.69
6210187,4,2,1,1,4,25.0
52566846,175,113,44,18,148,10.29
409706,39,25,11,3,35,7.69
36761977,34,28,5,1,15,2.94
36440555,85,68,17,0,64,0.0
10012818,11,7,2,2,10,18.18
59246337,23,11,9,3,14,13.04
70358798,153,136,15,2,147,1.31
91132245,3,2,1,0,2,0.0
50395819,91,46,28,17,55,18.68
82925562,224,123,77,24,150,10.71
95524815,94,48,35,11,56,11.7
77192999,81,54,18,9,46,11.11
59830243,120,96,16,8,107,6.67
11178761,22,10,9,3,19,13.64
993200,38,28,9,1,38,2.63
61131884,107,88,16,3,99,2.8
84069020,129,103,21,5,119,3.88
75733099,29,8,16,5,16,17.24
34937313,38,25,9,4,25,10.53
43136624,180,134,43,3,154,1.67
72419166,10,9,1,0,8,0.0
57266093,7,6,0,1,7,14.29
63745383,128,107,17,4,116,3.12
93846194,149,113,35,1,68,0.67
8215942,43,29,10,4,23,9.3
16642480,51,43,8,0,45,0.0
76869830,97,81,16,0,89,0.0
31452083,21,17,4,0,20,0.0
41232345,45,32,8,5,37,11.11
45844278,15,11,4,0,15,0.0
93266207,49,37,12,0,43,0.0
87561298,1,1,0,0,1,0.0
77840844,43,28,15,0,32,0.0
63757745,171,110,42,19,144,11.11
1028908,16,10,4,2,15,12.5
82726800,60,33,18,9,52,15.0
44972014,271,195,54,22,158,8.12
427045,90,59,18,13,76,14.44
74001664,9,4,3,2,9,22.22
29124158,129,85,32,12,100,9.3
1808989,43,29,7,7,34,16.28
43186611,50,24,15,11,41,22.0
43471274,92,54,20,18,80,19.57
88175788,28,21,6,1,27,3.57
54073905,24,13,9,2,24,8.33
83021796,138,85,34,19,75,13.77
2527838,230,189,39,2,197,0.87
80571928,136,80,34,22,114,16.18
73989451,80,46,27,7,52,8.75
5892717,231,158,61,12,192,5.19
53552102,11,6,3,2,8,18.18
50080097,48,32,10,6,36,12.5
76224644,180,148,28,4,162,2.22
77435635,137,67,47,23,98,16.79
6257218,439,330,109,0,344,0.0
55518372,14,14,0,0,14,0.0
58371270,169,148,19,2,147,1.18
73016587,60,36,24,0,42,0.0
32725276,189,116,49,24,157,12.7
8506528,29,20,6,3,27,10.34
74517888,164,125,30,9,133,5.49
67004125,6,4,1,1,6,16.67
73387332,199,138,50,11,105,5.53
21940470,32,16,15,1,24,3.12
38353450,127,117,10,0,121,0.0
31599367,2,2,0,0,2,0.0
30127492,204,107,61,36,138,17.65
58524585,92,69,22,1,71,1.09
97686652,57,44,13,0,42,0.0
80826679,27,11,4,12,18,44.44
99378819,107,53,34,20,81,18.69
75908833,34,26,6,2,33,5.88
65557425,39,24,6,9,21,23.08
19994453,24,17,5,2,16,8.33
34439272,282,198,68,16,229,5.67
38303641,46,17,16,13,38,28.26
68451840,6,4,2,0,6,0.0
35366602,45,30,12,3,37,6.67
35173042,14,11,3,0,13,0.0
38294160,50,24,14,12,35,24.0
19669619,9,9,0,0,8,0.0
50978805,15,9,4,2,13,13.33
76828567,15,12,2,1,14,6.67
30400800,82,69,12,1,65,1.22
41544742,11,8,2,1,11,9.09
44732207,104,75,15,14,79,13.46
15820462,90,72,16,2,74,2.22
99084671,28,19,6,3,24,10.71
31806636,1,0,1,0,1,0.0
13875919,54,28,12,14,51,25.93
50039022,74,53,17,4,56,5.41
86382499,82,63,14,5,59,6.1
44068794,212,136,54,22,183,10.38
12979356,6,5,1,0,6,0.0
14005101,51,33,15,3,43,5.88
88080456,175,90,68,17,96,9.71
44288981,74,35,34,5,63,6.76
99596693,33,24,6,3,27,9.09
46206825,46,24,18,4,45,8.7
45546372,28,18,9,1,27,3.57
54345875,139,83,30,26,76,18.71
50282885,79,53,25,1,56,1.27
57026073,8,4,2,2,7,25.0
21702592,66,42,17,7,50,10.61
53715126,83,44,21,18,61,21.69
51235388,6,5,0,1,6,16.67
28089700,74,27,28,19,53,25.68
25617624,11,9,1,1,11,9.09
2470301,18,9,5,4,11,22.22
67747507,106,68,36,2,70,1.89
57985183,14,12,2,0,12,0.0
9607977,126,98,25,3,98,2.38
10077835,12,7,3,2,12,16.67
99851285,13,6,4,3,11,23.08
83535104,55,46,9,0,38,0.0
2288344,30,28,2,0,25,0.0
82978036,139,127,12,0,126,0.0
71134848,24,21,2,1,17,4.17
74821718,30,24,6,0,26,0.0
54309601,23,16,6,1,23,4.35
58884746,96,62,22,12,95,12.5
25127164,166,122,38,6,157,3.61
52009802,337,168,110,59,274,17.51
34781230,14,9,4,1,13,7.14
5351470,250,169,55,26,146,10.4
58600979,6,5,1,0,6,0.0
85116002,3,1,2,0,3,0.0
28744000,25,17,5,3,24,12.0
47659671,70,39,21,10,46,14.29
87384184,123,87,32,4,119,3.25
66822214,15,11,2,2,9,13.33
24663518,77,71,6,0,60,0.0
40864353,120,71,45,4,98,3.33
58642844,9,6,1,2,9,22.22
28133401,19,14,5,0,11,0.0
64450931,34,27,5,2,31,5.88
88223658,124,99,20,5,117,4.03
94681151,191,116,60,15,140,7.85
26580322,14,5,9,0,11,0.0
28994508,157,101,46,10,94,6.37
74390889,118,86,24,8,110,6.78
46184598,97,78,19,0,80,0.0
48976165,114,78,27,9,98,7.89
90509522,61,48,10,3,47,4.92
45067257,16,13,3,0,16,0.0
71358155,151,110,27,14,125,9.27
4194795,1,1,0,0,1,0.0
99186243,36,22,10,4,33,11.11
42432465,293,246,34,13,274,4.44
93098306,137,97,34,6,105,4.38
40260120,65,49,13,3,39,4.62
14655008,207,119,61,27,130,13.04
94511652,47,34,11,2,26,4.26
54140629,65,30,27,8,36,12.31
57581976,21,15,4,2,18,9.52
54017844,216,165,50,1,157,0.46
74346891,196,169,26,1,163,0.51
66772717,242,197,44,1,221,0.41
46339974,35,21,11,3,27,8.57
57219282,154,124,25,5,130,3.25
44934907,176,135,27,14,152,7.95
73830424,24,20,4,0,21,0.0
81028370,8,8,0,0,7,0.0
69328668,62,41,11,10,41,16.13
94795302,21,11,8,2,13,9.52
68259066,2,0,1,1,2,50.0
53620881,53,47,5,1,52,1.89
48073610,81,64,16,1,81,1.23
354377,58,36,20,2,55,3.45
23067741,175,136,32,7,154,4.0
93996255,108,83,20,5,84,4.63
24175930,3,2,1,0,3,0.0
9640415,8,3,3,2,6,25.0
89656569,12,5,4,3,6,25.0
30419511,73,43,20,10,59,13.7
56239598,92,59,29,4,59,4.35
74324266,4,3,1,0,4,0.0
37691041,17,7,8,2,14,11.76
35861691,397,277,109,11,245,2.77
39876456,196,113,55,28,151,14.29
98415714,51,34,10,7,48,13.73
6711094,65,38,19,8,57,12.31
97800220,82,72,10,0,78,0.0
3482232,30,28,2,0,30,0.0
68897123,42,34,6,2,41,4.76
75485197,155,130,25,0,125,0.0
19986970,44,24,12,8,29,18.18
46786822,84,52,25,7,57,8.33
90321141,154,121,31,2,153,1.3
57552570,149,122,20,7,139,4.7
64196410,40,21,15,4,23,10.0
3827897,65,56,7,2,50,3.08
63541907,211,169,40,2,181,0.95
96252024,40,28,11,1,36,2.5
43968931,27,19,6,2,24,7.41
24079993,108,71,37,0,68,0.0
86822034,95,68,22,5,47,5.26
73110030,41,21,14,6,31,14.63
28161806,50,33,17,0,43,0.0
8404379,7,7,0,0,7,0.0
31105026,31,15,10,6,25,19.35
9277292,48,26,18,4,24,8.33
44335410,12,10,2,0,11,0.0
98166042,127,94,23,10,105,7.87
19920443,48,30,14,4,36,8.33
50769173,256,169,61,26,251,10.16
70831808,41,21,20,0,30,0.0
43005565,110,68,26,16,82,14.55
4470146,26,18,8,0,24,0.0
36219525,20,14,5,1,13,5.0
24550841,3,3,0,0,3,0.0
25181449,62,56,6,0,59,0.0
44909874,64,41,18,5,41,7.81
7588645,296,262,27,7,205,2.36
46568482,9,8,1,0,7,0.0
42385237,191,105,59,27,158,14.14
68094634,43,37,6,0,41,0.0
90952411,5,1,2,2,5,40.0
82642449,6,6,0,0,6,0.0
61384106,8,4,3,1,8,12.5
4732857,42,28,13,1,29,2.38
66010179,120,62,44,14,67,11.67
37115560,45,25,13,7,29,15.56
9095312,34,20,13,1,29,2.94
3259864,15,10,3,2,15,13.33
83506876,2,2,0,0,2,0.0
24722244,96,75,18,3,74,3.12
39530906,228,193,26,9,203,3.95
22017966,155,80,54,21,121,13.55
97523587,126,89,29,8,99,6.35
88454904,36,17,12,7,22,19.44
55373815,46,8,20,18,36,39.13
17663067,27,24,1,2,18,7.41
30484782,82,49,28,5,71,6.1
16788396,16,13,3,0,16,0.0
31963915,64,38,25,1,64,1.56
31674112,77,55,20,2,66,2.6
61422799,31,15,10,6,18,19.35
28659986,27,12,11,4,20,14.81
86064567,195,120,51,24,163,12.31
46069354,120,105,11,4,115,3.33
3042496,12,11,1,0,11,0.0
9672055,27,16,8,3,22,11.11
31167308,69,60,9,0,64,0.0
68718009,1,0,0,1,1,100.0
56217922,52,29,14,9,50,17.31
80821917,91,43,30,18,39,19.78
20190426,109,81,23,5,57,4.59
16741718,54,29,17,8,34,14.81
7477172,2,1,1,0,2,0.0
4627992,99,75,23,1,78,1.01
87572218,72,39,25,8,44,11.11
86581208,246,191,54,1,199,0.41
8858229,7,5,1,1,5,14.29
34996414,76,44,16,16,61,21.05
13392876,133,70,49,14,87,10.53
78408136,83,57,19,7,72,8.43
7655318,21,8,10,3,18,14.29
97950735,21,12,9,0,20,0.0
21987025,15,11,2,2,14,13.33
28260176,20,16,3,1,20,5.0
55513591,3,3,0,0,3,0.0
48565544,62,44,10,8,58,12.9
85450046,57,29,19,9,35,15.79
29574520,335,309,23,3,326,0.9
67861453,200,155,39,6,176,3.0
29116020,128,86,28,14,90,10.94
53726242,184,146,33,5,156,2.72
82900613,29,14,5,10,26,34.48
41576891,61,27,23,11,56,18.03
3797642,5,3,2,0,5,0.0
54913103,7,4,2,1,6,14.29
24234227,50,32,14,4,44,8.0
23048324,55,27,21,7,44,12.73
66888335,85,68,14,3,80,3.53
53903345,152,133,18,1,145,0.66
6788989,22,9,13,0,21,0.0
33712868,3,1,2,0,3,0.0
37430752,40,26,13,1,38,2.5
24447790,28,21,7,0,28,0.0
45118361,4,1,2,1,3,25.0
3737531,20,19,0,1,19,5.0
40261213,67,48,15,4,54,5.97
47812237,20,15,5,0,18,0.0
30267980,128,79,38,11,96,8.59
59280760,198,141,45,12,116,6.06
38357801,98,57,28,13,64,13.27
62686930,42,28,11,3,41,7.14
21245995,3,1,2,0,3,0.0
83498976,6,5,0,1,6,16.67
79676172,41,26,14,1,36,2.44
67160517,125,85,25,15,119,12.0
11561321,275,176,63,36,228,13.09
25213051,279,213,58,8,233,2.87
94460519,17,16,1,0,17,0.0
98978300,58,37,17,4,46,6.9
4561765,12,7,4,1,9,8.33
17950278,62,49,13,0,58,0.0
67180752,10,7,3,0,10,0.0
58237103,10,5,5,0,8,0.0
7715973,250,176,52,22,216,8.8
8687701,69,61,8,0,60,0.0
20881062,27,14,7,6,27,22.22
55832130,29,17,11,1,26,3.45
45315740,32,24,8,0,28,0.0
97984072,69,52,15,2,57,2.9
20494907,154,99,45,10,143,6.49
72756173,79,30,36,13,45,16.46
49085362,11,10,1,0,11,0.0
93696677,56,48,6,2,44,3.57
26797433,30,14,9,7,20,23.33
89580328,116,59,39,18,54,15.52
71121639,64,31,25,8,46,12.5
6955544,116,87,27,2,101,1.72
44809983,25,16,8,1,19,4.0
42363236,6,6,0,0,6,0.0
22457539,6,5,1,0,6,0.0
4463729,14,6,5,3,11,21.43
42141403,26,17,7,2,20,7.69
66957344,205,137,55,13,197,6.34
44966815,34,19,9,6,24,17.65
89658012,54,25,23,6,38,11.11
50657520,79,37,29,13,53,16.46
85947630,337,184,104,49,187,14.54
19515034,48,36,10,2,45,4.17
44351865,186,105,58,23,136,12.37
5343070,141,105,25,11,124,7.8
80640,17,9,7,1,16,5.88
72890035,8,5,1,2,7,25.0
17417132,37,32,5,0,37,0.0
43961067,154,124,26,4,137,2.6
98855985,63,48,10,5,62,7.94
65534188,53,52,1,0,41,0.0
28116531,81,70,5,6,56,7.41
62941843,55,35,15,5,49,9.09
99606742,142,124,17,1,138,0.7
88577709,126,65,41,20,81,15.87
15670972,179,141,28,10,175,5.59
56127302,5,4,1,0,5,0.0
22137698,20,10,6,4,17,20.0
1564816,14,6,6,2,13,14.29
80159843,52,24,20,8,44,15.38
21081291,34,26,8,0,31,0.0
96180264,22,12,7,3,17,13.64
40341318,73,41,28,4,50,5.48
22047257,36,18,15,3,30,8.33
59923602,111,71,30,10,103,9.01
26738470,25,14,9,2,22,8.0
30256497,5,3,2,0,5,0.0
23478453,24,16,3,5,16,20.83
74010623,46,30,10,6,27,13.04
580906,21,14,7,0,20,0.0
33782239,15,10,4,1,11,6.67
50421285,45,36,8,1,45,2.22
80846231,14,2,10,2,12,14.29
83519399,68,29,29,10,56,14.71
51705470,68,42,23,3,58,4.41
68145581,70,48,14,8,49,11.43
31945361,23,15,8,0,21,0.0
85578575,124,97,22,5,118,4.03
60951965,32,30,2,0,32,0.0
70937873,31,16,10,5,31,16.13
72663004,33,27,6,0,33,0.0
51403635,104,73,24,7,77,6.73
31866732,46,21,18,7,41,15.22
51631634,30,17,9,4,26,13.33
30105430,15,6,6,3,14,20.0
56246946,59,31,17,11,47,18.64
16854400,39,15,20,4,39,10.26
16535512,54,49,3,2,39,3.7
20498948,199,151,46,2,143,1.01
91137101,38,29,8,1,34,2.63
80196191,98,60,24,14,89,14.29
23227005,141,121,15,5,128,3.55
87018353,8,5,2,1,8,12.5
27890940,86,56,23,7,65,8.14
9420426,426,307,86,33,371,7.75
68268399,76,59,16,1,52,1.32
76090596,11,5,4,2,10,18.18
76275196,62,39,16,7,57,11.29
34510939,41,40,1,0,40,0.0
25199444,277,194,63,20,225,7.22
79405162,10,8,2,0,9,0.0
43505752,31,25,6,0,31,0.0
91379641,71,24,36,11,51,15.49
10092864,96,71,21,4,83,4.17
7855727,85,64,16,5,62,5.88
95755759,30,13,13,4,16,13.33
6240780,49,37,11,1,41,2.04
35578910,13,6,4,3,9,23.08
50930122,103,84,18,1,90,0.97
33352290,245,179,57,9,227,3.67
4175696,28,25,3,0,25,0.0
132225,46,28,11,7,37,15.22
84867355,79,59,8,12,61,15.19
40171036,138,80,33,25,93,18.12
13648553,66,49,14,3,55,4.55
76185531,250,171,55,24,218,9.6
54561471,60,39,20,1,47,1.67
32204508,66,32,24,10,47,15.15
82716140,176,143,30,3,143,1.7
79707029,32,19,5,8,31,25.0
86206345,12,10,2,0,12,0.0
93509432,141,83,46,12,118,8.51
6543856,53,42,11,0,46,0.0
26596418,129,99,28,2,102,1.55
78910432,75,54,20,1,53,1.33
322034,8,3,3,2,8,25.0
6229587,141,108,27,6,128,4.26
81619287,79,61,11,7,65,8.86
1298333,391,291,78,22,330,5.63
23528334,70,45,20,5,65,7.14
23034949,78,69,7,2,67,2.56
36082520,136,99,26,11,75,8.09
49259607,60,49,11,0,55,0.0
74302413,61,39,15,7,54,11.48
28077327,157,79,50,28,115,17.83
53152425,1,1,0,0,1,0.0
16670493,4,4,0,0,4,0.0
36788765,20,17,3,0,15,0.0
11503068,266,233,29,4,246,1.5
94117937,49,36,12,1,48,2.04
90600263,1,0,0,1,1,100.0
55477266,137,116,13,8,109,5.84
45143250,46,26,13,7,26,15.22
41496902,9,6,3,0,8,0.0
59038703,14,8,4,2,12,14.29
84600681,72,58,13,1,52,1.39
20140869,94,75,15,4,86,4.26
3369563,285,188,74,23,216,8.07
74975705,4,3,1,0,2,0.0
16233487,70,40,17,13,61,18.57
78207981,9,5,4,0,9,0.0
80343883,6,4,0,2,5,33.33
42516328,39,36,3,0,37,0.0
1754265,49,34,11,4,38,8.16
9415408,4,3,1,0,4,0.0
91620119,32,28,3,1,30,3.12
25676380,15,12,3,0,15,0.0
42445114,102,55,39,8,68,7.84
61470342,51,39,7,5,47,9.8
3237667,6,5,0,1,6,16.67
102175,157,106,33,18,106,11.46
51601187,23,14,9,0,21,0.0
46151664,29,27,2,0,23,0.0
24173623,104,79,24,1,75,0.96
33401777,54,37,12,5,44,9.26
33459706,15,10,5,0,13,0.0
57928295,128,78,37,13,67,10.16
83718499,185,153,23,9,171,4.86
36066706,234,155,61,18,146,7.69
88521961,40,30,10,0,33,0.0
83020853,55,44,11,0,50,0.0
4824911,7,4,3,0,7,0.0
27767360,1,0,0,1,1,100.0
47690801,1,1,0,0,1,0.0
46398659,157,84,52,21,100,13.38
86633851,10,6,3,1,10,10.0
18287857,26,18,8,0,26,0.0
55279962,182,133,34,15,97,8.24
31949892,128,105,23,0,110,0.0
14731042,1,1,0,0,1,0.0
27140347,49,43,6,0,45,0.0
75463371,128,110,15,3,90,2.34
91099811,124,60,41,23,69,18.55
71574814,2,2,0,0,2,0.0
42256539,8,7,1,0,8,0.0
74181040,11,9,2,0,7,0.0
76568951,28,16,8,4,19,14.29
7586480,51,32,10,9,36,17.65
85963951,146,133,13,0,142,0.0
21162873,53,44,6,3,47,5.66
72755656,36,33,3,0,36,0.0
18293198,197,149,38,10,133,5.08
26409098,77,61,12,4,65,5.19
64380849,1,1,0,0,1,0.0
58617606,1,1,0,0,1,0.0
5638622,6,5,1,0,6,0.0
42597184,40,22,8,10,18,25.0
67468406,40,23,13,4,29,10.0
80371752,32,21,7,4,22,12.5
76942034,12,10,2,0,12,0.0
41388232,78,39,25,14,51,17.95
35203807,18,13,3,2,18,11.11
58660771,46,32,11,3,22,6.52
3336831,11,7,1,3,9,27.27
16619768,34,16,16,2,28,5.88
20187954,105,68,26,11,85,10.48
7927058,15,8,5,2,15,13.33
42661489,94,63,23,8,77,8.51
14044616,123,91,22,10,98,8.13
89184684,12,3,9,0,12,0.0
55231133,12,11,0,1,12,8.33
24103208,32,23,6,3,23,9.38
85484881,10,7,1,2,10,20.0
28851366,18,13,5,0,12,0.0
69085883,13,8,3,2,12,15.38
47255816,6,5,0,1,6,16.67
96288257,15,14,1,0,15,0.0
49179013,114,86,20,8,88,7.02
17329235,1,0,1,0,1,0.0
63380871,19,12,7,0,19,0.0
72585514,2,2,0,0,2,0.0
8503687,116,86,27,3,105,2.59
63493590,12,9,2,1,11,8.33
61026743,49,30,9,10,45,20.41
63413290,39,22,12,5,35,12.82
39149205,9,5,3,1,9,11.11
63184429,13,9,4,0,13,0.0
44258084,3,2,1,0,3,0.0
46738249,87,55,26,6,72,6.9
46286552,15,10,4,1,13,6.67
76563328,237,172,64,1,194,0.42
67928408,6,3,1,2,6,33.33
65837941,7,4,2,1,7,14.29
80782660,72,60,11,1,72,1.39
4006576,36,23,11,2,31,5.56
40607300,19,9,7,3,14,15.79
47704933,58,48,10,0,57,0.0
24851430,122,87,29,6,111,4.92
40049738,11,9,2,0,10,0.0
83562144,19,13,5,1,11,5.26
38799013,7,5,1,1,6,14.29
96619750,23,16,5,2,19,8.7
91156574,109,67,32,10,85,9.17
61174452,123,90,32,1,69,0.81
45768025,61,42,14,5,54,8.2
78830573,55,37,13,5,49,9.09
29999686,61,26,25,10,41,16.39
57011452,76,61,11,4,70,5.26
36019334,42,30,9,3,30,7.14
42804067,66,35,22,9,38,13.64
90109433,58,35,16,7,53,12.07
58160941,2,2,0,0,2,0.0
16180980,52,35,15,2,52,3.85
616717,29,14,9,6,19,20.69
45377577,17,11,6,0,14,0.0
62536823,36,30,6,0,34,0.0
9945642,6,4,2,0,6,0.0
39184287,30,23,6,1,30,3.33
15119614,5,3,2,0,5,0.0
26253187,62,46,15,1,40,1.61
43845317,53,47,5,1,52,1.89
45546806,3,1,2,0,3,0.0
3073343,6,4,2,0,6,0.0
52507679,38,18,10,10,28,26.32
45841558,174,115,55,4,142,2.3
11012181,3,2,1,0,3,0.0
68787195,68,34,18,16,41,23.53
32063004,4,3,1,0,4,0.0
84014710,16,11,5,0,15,0.0
38955032,62,41,17,4,54,6.45
6934844,30,23,3,4,27,13.33
52999417,8,5,3,0,7,0.0
28717196,37,21,12,4,23,10.81
21274577,39,30,7,2,35,5.13
64091539,106,78,26,2,56,1.89
25970283,99,79,16,4,74,4.04
80831518,1,0,0,1,1,100.0
56277252,68,42,18,8,48,11.76
19613602,18,13,4,1,15,5.56
94276885,200,153,39,8,190,4.0
87987187,53,42,9,2,49,3.77
10208094,27,22,3,2,23,7.41
9821070,18,14,2,2,13,11.11
93027583,48,29,15,4,44,8.33
99446836,35,12,13,10,27,28.57
30536227,103,63,28,12,85,11.65
18949153,25,18,7,0,20,0.0
48965084,68,55,9,4,65,5.88
58602881,23,14,8,1,8,4.35
79172505,8,2,4,2,8,25.0
55349627,10,10,0,0,10,0.0
49238832,23,18,5,0,23,0.0
52045310,284,151,97,36,128,12.68
35435824,9,6,1,2,7,22.22
78324884,40,20,15,5,37,12.5
82820295,29,29,0,0,28,0.0
62119812,73,49,15,9,57,12.33
78270488,3,1,1,1,3,33.33
84255451,4,4,0,0,4,0.0
96820328,56,25,21,10,37,17.86
39041861,44,25,17,2,44,4.55
75836876,8,4,4,0,8,0.0
1704417,165,104,38,23,135,13.94
24187102,18,13,2,3,18,16.67
61802619,16,9,6,1,16,6.25
69697475,4,4,0,0,4,0.0
13464782,52,31,14,7,39,13.46
5025068,39,19,13,7,25,17.95
12270557,17,15,2,0,16,0.0
6508669,6,3,3,0,6,0.0
63422836,89,50,32,7,71,7.87
78571154,2,2,0,0,2,0.0
68697163,17,6,3,8,16,47.06
30173807,21,15,3,3,15,14.29
78278665,74,34,32,8,57,10.81
74122647,20,12,6,2,20,10.0
90538082,54,31,19,4,46,7.41
92739893,45,42,3,0,45,0.0
42177198,34,23,10,1,30,2.94
81396796,253,184,44,25,191,9.88
67767772,28,17,10,1,18,3.57
61057867,39,31,5,3,38,7.69
9727278,35,24,9,2,33,5.71
3835430,70,35,21,14,53,20.0
23675995,30,14,11,5,19,16.67
46564762,18,18,0,0,14,0.0
50352926,12,11,1,0,12,0.0
72788133,78,48,21,9,75,11.54
30701295,118,68,27,23,114,19.49
36310672,109,50,36,23,58,21.1
75406381,24,21,3,0,22,0.0
12516796,15,13,2,0,14,0.0
98463618,231,155,64,12,154,5.19
38683681,119,74,33,12,107,10.08
95376421,69,45,17,7,64,10.14
71816061,91,68,13,10,70,10.99
66666126,124,86,24,14,64,11.29
28868993,5,3,2,0,5,0.0
52683023,5,3,2,0,5,0.0
88542242,14,11,3,0,10,0.0
93860438,24,21,3,0,24,0.0
36317390,14,9,4,1,11,7.14
35808344,86,48,24,14,44,16.28
78363987,107,51,32,24,78,22.43
76263112,57,34,17,6,48,10.53
6826065,135,80,44,11,90,8.15
7583249,19,13,4,2,14,10.53
84865363,15,13,2,0,15,0.0
72621429,15,12,1,2,15,13.33
5784693,6,1,4,1,6,16.67
85952514,9,5,2,2,6,22.22
2186413,86,62,24,0,76,0.0
12720094,28,14,9,5,22,17.86
19496684,80,51,22,7,70,8.75
47879384,20,14,4,2,20,10.0
43144639,63,40,23,0,53,0.0
73228646,13,10,3,0,13,0.0
85649679,12,6,6,0,12,0.0
63325682,17,7,8,2,15,11.76
60749905,32,23,5,4,29,12.5
50467688,74,29,18,27,52,36.49
39889261,23,15,7,1,21,4.35
77169485,12,5,7,0,12,0.0
74005776,40,37,2,1,38,2.5
16525692,59,30,21,8,27,13.56
16680151,11,7,2,2,10,18.18
23444260,26,13,7,6,21,23.08
21872333,41,29,5,7,36,17.07
89611609,90,36,38,16,72,17.78
57788149,88,52,31,5,58,5.68
3839352,5,5,0,0,5,0.0
25710002,118,85,24,9,88,7.63
16094879,22,10,7,5,16,22.73
65116044,21,9,8,4,17,19.05
19275628,381,298,81,2,345,0.52
56725565,321,249,66,6,304,1.87
63499263,17,11,5,1,16,5.88
41802327,35,19,12,4,32,11.43
58577246,89,60,21,8,87,8.99
70362452,6,6,0,0,6,0.0
56317808,9,9,0,0,8,0.0
8972266,34,25,9,0,25,0.0
78727462,22,12,10,0,15,0.0
37465080,3,2,1,0,3,0.0
28962883,1,1,0,0,1,0.0
99217847,30,26,3,1,30,3.33
17963413,2,2,0,0,2,0.0
22155762,3,2,1,0,2,0.0
84378971,117,107,8,2,112,1.71
91770118,10,10,0,0,9,0.0
96281701,23,14,4,5,14,21.74
38455850,46,32,10,4,43,8.7
70248477,25,13,12,0,21,0.0
41280194,35,26,8,1,34,2.86
28516627,17,6,7,4,12,23.53
53163593,18,13,4,1,14,5.56
81784681,42,20,8,14,37,33.33
20045711,40,26,6,8,32,20.0
56637695,59,31,11,17,29,28.81
94466503,10,9,0,1,10,10.0
63158750,2,2,0,0,2,0.0
79839787,33,19,14,0,33,0.0
24699076,25,17,5,3,21,12.0
44140188,123,51,40,32,88,26.02
30034428,48,37,7,4,39,8.33
16824546,7,5,2,0,7,0.0
59386969,2,2,0,0,2,0.0
99434075,1,1,0,0,1,0.0
843630,24,21,3,0,19,0.0
14691503,16,8,7,1,16,6.25
92401808,23,13,9,1,18,4.35
82945613,6,5,1,0,5,0.0
72699232,104,80,21,3,92,2.88
4906532,89,44,33,12,76,13.48
99940037,12,11,1,0,11,0.0
24752888,19,10,6,3,16,15.79
12884268,5,4,1,0,5,0.0
76444769,3,2,1,0,3,0.0
85883289,12,7,4,1,10,8.33
56609902,10,5,5,0,10,0.0
53374111,150,110,39,1,98,0.67
10443644,9,6,3,0,7,0.0
13223336,57,49,7,1,44,1.75
70426174,53,39,11,3,33,5.66
46453254,48,25,19,4,46,8.33
97808184,62,27,18,17,42,27.42
55072537,1,1,0,0,1,0.0
83291471,81,53,20,8,79,9.88
76338362,64,47,14,3,54,4.69
79569559,32,21,6,5,32,15.62
47415290,32,18,14,0,29,0.0
62878299,87,60,12,15,71,17.24
8298693,223,119,66,38,169,17.04
46569435,20,15,5,0,20,0.0
26363016,65,34,15,16,54,24.62
42991947,41,32,9,0,41,0.0
67343373,25,9,12,4,19,16.0
12534725,17,12,5,0,15,0.0
70324912,10,6,3,1,9,10.0
85480403,18,12,6,0,18,0.0
17454232,97,67,15,15,56,15.46
99215393,34,22,9,3,21,8.82
79237532,20,13,6,1,19,5.0
57789688,20,10,6,4,12,20.0
84582071,21,8,10,3,17,14.29
40724020,36,29,5,2,29,5.56
8621324,82,54,12,16,59,19.51
21679114,4,2,2,0,4,0.0
97939133,16,12,4,0,14,0.0
97953348,92,54,31,7,72,7.61
92256131,31,22,8,1,25,3.23
50602559,161,110,37,14,97,8.7
77946061,59,39,18,2,59,3.39
81868144,243,165,63,15,217,6.17
21474572,9,7,0,2,8,22.22
92728045,22,15,6,1,22,4.55
80789204,5,5,0,0,4,0.0
73126005,45,20,16,9,26,20.0
20940364,20,17,1,2,20,10.0
78383912,42,34,7,1,42,2.38
79460857,39,34,4,1,38,2.56
26048277,12,8,3,1,12,8.33
66683696,2,2,0,0,2,0.0
43841863,118,73,38,7,104,5.93
30955395,12,11,1,0,9,0.0
8028757,49,23,16,10,41,20.41
46408979,44,32,9,3,43,6.82
15073115,187,145,41,1,165,0.53
14805378,37,15,17,5,30,13.51
96885330,79,53,16,10,28,12.66
93317918,101,68,29,4,78,3.96
14568399,18,11,5,2,17,11.11
56661833,21,17,4,0,20,0.0
47717206,20,15,3,2,18,10.0
26420654,118,90,27,1,101,0.85
62221260,41,19,10,12,36,29.27
28489610,20,13,6,1,12,5.0
17483654,50,35,15,0,31,0.0
88527035,21,11,6,4,18,19.05
95432721,72,45,11,16,58,22.22
22920599,111,61,40,10,76,9.01
43119356,15,6,7,2,6,13.33
16502685,15,7,6,2,12,13.33
31267917,3,2,1,0,3,0.0
18237325,33,20,13,0,33,0.0
44302694,30,16,13,1,16,3.33
62980262,25,19,6,0,23,0.0
49030465,20,11,4,5,18,25.0
99242963,22,18,3,1,22,4.55
17339621,148,72,44,32,91,21.62
24289291,81,66,15,0,66,0.0
26535121,13,8,5,0,13,0.0
17866656,13,13,0,0,11,0.0
60060150,78,38,25,15,55,19.23
47695234,10,8,2,0,10,0.0
62658664,37,29,6,2,36,5.41
61822733,17,14,2,1,16,5.88
34755248,23,18,5,0,21,0.0
56567671,22,10,8,4,21,18.18
82685199,53,41,10,2,44,3.77
32256748,20,14,6,0,13,0.0
84471898,27,20,7,0,19,0.0
35436630,17,15,2,0,15,0.0
1702128,4,4,0,0,4,0.0
79824447,28,23,5,0,25,0.0
93114604,14,9,3,2,14,14.29
53706396,163,127,34,2,144,1.23
81789639,9,8,1,0,8,0.0
38627489,2,2,0,0,1,0.0
14973915,9,5,2,2,8,22.22
26528320,40,26,13,1,29,2.5
53531192,93,46,36,11,67,11.83
95920494,81,43,25,13,47,16.05
51871094,27,15,9,3,25,11.11
6656815,35,26,6,3,24,8.57
75095693,52,26,16,10,37,19.23
12516010,34,17,12,5,30,14.71
29835179,1,1,0,0,1,0.0
14434214,5,5,0,0,5,0.0
17495174,12,8,3,1,12,8.33
41452417,24,16,6,2,21,8.33
74961066,24,17,5,2,23,8.33
20252019,62,51,11,0,53,0.0
31155429,46,39,4,3,41,6.52
69156169,7,6,0,1,7,14.29
16697032,33,26,7,0,24,0.0
47454102,37,25,9,3,26,8.11
24083211,34,24,8,2,29,5.88
7857979,51,48,3,0,41,0.0
22548571,65,55,9,1,57,1.54
43691208,83,63,13,7,75,8.43
33640713,22,13,6,3,18,13.64
47975297,71,53,12,6,62,8.45
74013640,9,5,4,0,9,0.0
44091155,68,43,19,6,58,8.82
60195016,75,52,23,0,64,0.0
46346920,119,98,19,2,98,1.68
12465355,47,30,13,4,38,8.51
8592953,45,36,8,1,44,2.22
46291446,36,7,16,13,19,36.11
56226259,28,20,7,1,21,3.57
54283835,56,39,11,6,37,10.71
6173421,4,4,0,0,4,0.0
47052189,14,11,2,1,14,7.14
34702848,25,18,7,0,23,0.0
43260458,3,3,0,0,3,0.0
72669083,64,49,12,3,55,4.69
92547445,74,47,19,8,50,10.81
98729381,48,41,6,1,35,2.08
55637037,71,51,12,8,63,11.27
15421806,34,27,5,2,32,5.88
46201050,2,1,1,0,2,0.0
76769693,16,11,3,2,16,12.5
62458344,17,9,4,4,16,23.53
33338683,11,4,6,1,11,9.09
31801809,11,7,4,0,11,0.0
39651147,13,9,4,0,8,0.0
78198130,33,19,12,2,18,6.06
72158703,24,19,4,1,19,4.17
8514371,10,7,3,0,10,0.0
11952465,100,45,41,14,73,14.0
92598230,29,17,10,2,25,6.9
77155477,16,15,1,0,16,0.0
90295337,16,9,7,0,15,0.0
24053312,23,11,11,1,23,4.35
99381142,58,52,6,0,56,0.0
82307522,24,20,4,0,24,0.0
1139468,81,63,17,1,61,1.23
38829747,54,47,4,3,44,5.56
8915201,31,15,12,4,27,12.9
14387185,12,6,5,1,11,8.33
41044545,5,2,2,1,5,20.0
65939030,59,35,18,6,52,10.17
27348946,12,10,1,1,10,8.33
17736004,20,16,3,1,14,5.0
49595955,27,18,4,5,27,18.52
44934292,38,33,4,1,36,2.63
24213175,3,3,0,0,3,0.0
38760363,43,32,6,5,29,11.63
2415514,12,9,2,1,12,8.33
27301345,35,17,16,2,23,5.71
83354906,36,34,2,0,33,0.0
76528382,20,17,3,0,20,0.0
8077361,133,115,17,1,127,0.75
83293476,67,48,10,9,56,13.43
18873097,9,3,5,1,9,11.11
7401905,42,27,14,1,41,2.38
96674373,18,15,3,0,14,0.0
76048445,16,11,4,1,15,6.25
48729377,243,146,68,29,234,11.93
57781949,13,8,4,1,13,7.69
9179935,51,29,15,7,40,13.73
6062654,69,43,22,4,67,5.8
20913366,4,3,1,0,4,0.0
95107818,107,75,27,5,91,4.67
55178473,28,22,5,1,24,3.57
37042669,7,4,3,0,7,0.0
58075644,28,25,3,0,28,0.0
93472781,5,2,2,1,5,20.0
81996001,26,20,4,2,24,7.69
65455682,33,29,4,0,30,0.0
32896388,6,3,3,0,6,0.0
10409013,4,1,3,0,4,0.0
43548595,34,16,14,4,27,11.76
48899665,37,25,12,0,32,0.0
69778489,6,3,3,0,6,0.0
18156274,12,5,5,2,7,16.67
1933995,2,1,1,0,2,0.0
25741337,17,15,2,0,16,0.0
49336328,4,1,3,0,4,0.0
43401845,33,21,8,4,30,12.12
51669958,44,32,11,1,37,2.27
55189043,11,5,6,0,9,0.0
20329100,17,10,6,1,7,5.88
45381768,35,17,13,5,33,14.29
61284865,2,2,0,0,2,0.0
73256744,24,17,6,1,21,4.17
85605187,113,84,26,3,68,2.65
84837134,147,103,31,13,85,8.84
62719257,23,13,4,6,15,26.09
45644205,101,59,27,15,68,14.85
71355429,122,94,19,9,96,7.38
95660608,33,28,5,0,27,0.0
89431931,90,65,20,5,80,5.56
33376335,10,3,5,2,10,20.0
633973,100,69,26,5,96,5.0
40568179,10,8,2,0,9,0.0
74461683,38,32,4,2,37,5.26
39670791,56,31,16,9,42,16.07
97554746,19,12,5,2,17,10.53
37985620,19,15,4,0,16,0.0
91323881,38,34,4,0,37,0.0
22833995,6,3,2,1,6,16.67
11705974,15,12,3,0,10,0.0
44093192,92,56,24,12,77,13.04
15086244,21,13,6,2,12,9.52
78463305,1,1,0,0,1,0.0
24194290,89,58,26,5,83,5.62
10419505,15,8,6,1,13,6.67
35041658,57,24,23,10,38,17.54
78470717,2,2,0,0,2,0.0
10740837,13,4,7,2,9,15.38
68275329,20,17,2,1,20,5.0
79166259,6,5,0,1,6,16.67
59246801,69,50,12,7,51,10.14
93391190,14,9,3,2,14,14.29
28052624,11,7,4,0,11,0.0
17169720,61,51,8,2,58,3.28
859100,6,5,1,0,6,0.0
52386594,29,20,6,3,28,10.34
10950370,7,4,2,1,7,14.29
64929403,12,11,0,1,11,8.33
42450516,11,8,1,2,11,18.18
90842745,9,9,0,0,9,0.0
81514291,9,9,0,0,9,0.0
58518639,48,45,3,0,48,0.0
95869803,35,24,10,1,27,2.86
80469937,6,4,1,1,6,16.67
24321787,12,9,2,1,10,8.33
57585709,26,17,7,2,21,7.69
2031685,29,24,4,1,29,3.45
88207227,19,17,2,0,15,0.0
62615803,4,3,1,0,4,0.0
29454938,20,7,11,2,12,10.0
30618027,7,5,2,0,6,0.0
57267627,37,27,9,1,37,2.7
60775184,1,0,1,0,1,0.0
79412972,38,24,12,2,25,5.26
30235688,28,23,3,2,24,7.14
73984468,131,74,39,18,115,13.74
7288947,120,92,25,3,102,2.5
7685006,3,2,0,1,2,33.33
17851042,28,18,10,0,25,0.0
37104622,59,37,13,9,49,15.25
8609553,33,19,8,6,24,18.18
92641181,14,5,3,6,10,42.86
43884524,99,77,21,1,78,1.01
70549743,159,125,24,10,142,6.29
56063825,58,36,17,5,57,8.62
91928473,36,16,14,6,33,16.67
12355423,52,29,11,12,33,23.08
57944625,68,50,15,3,39,4.41
99163268,34,10,11,13,21,38.24
35683558,23,10,4,9,19,39.13
70981253,36,17,11,8,31,22.22
69363667,70,58,9,3,56,4.29
71544919,43,35,6,2,43,4.65
53677100,5,3,1,1,4,20.0
48054593,57,30,22,5,36,8.77
92641768,2,0,2,0,2,0.0
93858782,51,40,5,6,42,11.76
22052441,32,20,9,3,25,9.38
31877476,63,23,28,12,32,19.05
60750029,7,4,2,1,7,14.29
69583348,4,2,1,1,4,25.0
11341528,46,39,5,2,44,4.35
69013774,62,58,2,2,54,3.23
2966032,133,64,46,23,93,17.29
79615187,23,17,3,3,18,13.04
33346296,125,83,26,16,79,12.8
32606236,13,7,5,1,13,7.69
14463617,35,25,10,0,35,0.0
5414974,62,42,19,1,62,1.61
70912263,11,8,3,0,10,0.0
35431602,8,8,0,0,7,0.0
63580375,3,3,0,0,3,0.0
64363614,33,26,5,2,25,6.06
25690482,41,24,10,7,40,17.07
35586331,29,18,11,0,25,0.0
12818652,43,23,12,8,20,18.6
41709497,36,31,1,4,30,11.11
45483262,33,21,11,1,26,3.03
22905735,56,29,21,6,44,10.71
21575114,4,4,0,0,3,0.0
40418164,13,9,3,1,10,7.69
43217129,12,5,4,3,11,25.0
61311891,137,99,30,8,117,5.84
57634427,73,30,22,21,56,28.77
30318561,11,10,1,0,11,0.0
99040061,3,2,1,0,3,0.0
36509814,2,1,1,0,2,0.0
86771,28,17,8,3,22,10.71
84966974,18,14,3,1,17,5.56
33584965,7,6,1,0,6,0.0
78526888,42,33,6,3,40,7.14
47546863,91,83,7,1,90,1.1
64707896,15,14,1,0,15,0.0
57390082,42,31,5,6,39,14.29
10576460,2,2,0,0,2,0.0
89697246,13,4,5,4,11,30.77
41362574,6,5,0,1,6,16.67
83302378,70,39,27,4,57,5.71
74263210,6,2,3,1,3,16.67
49860134,32,25,7,0,32,0.0
37860853,36,25,10,1,28,2.78
8363672,9,4,3,2,8,22.22
57071519,55,42,10,3,53,5.45
4403098,15,9,4,2,12,13.33
57231757,25,13,8,4,25,16.0
43205626,50,45,5,0,48,0.0
68881298,28,22,5,1,26,3.57
11641020,1,1,0,0,1,0.0
96709883,199,138,54,7,111,3.52
32610289,45,34,8,3,45,6.67
32861374,8,8,0,0,8,0.0
52556996,61,44,16,1,49,1.64
77879966,83,64,15,4,63,4.82
86349208,74,30,27,17,52,22.97
59842635,12,12,0,0,12,0.0
22489591,95,53,28,14,69,14.74
78816743,32,17,6,9,25,28.12
73519190,22,10,7,5,15,22.73
47121555,8,7,0,1,8,12.5
55523497,40,29,8,3,33,7.5
24042603,39,30,8,1,31,2.56
81973503,20,11,8,1,14,5.0
18664538,16,13,3,0,16,0.0
72174228,55,40,7,8,49,14.55
4844234,9,7,2,0,6,0.0
41519514,11,5,3,3,11,27.27
65377154,9,5,3,1,9,11.11
46284910,8,8,0,0,6,0.0
98307355,9,5,4,0,9,0.0
49662577,6,3,1,2,5,33.33
70953481,36,31,5,0,36,0.0
14140802,16,12,2,2,10,12.5
67345535,37,31,3,3,30,8.11
17017965,20,12,6,2,19,10.0
25132151,48,20,16,12,32,25.0
47553783,11,10,1,0,11,0.0
99214918,3,2,1,0,3,0.0
9441946,45,19,23,3,27,6.67
92186795,1,1,0,0,1,0.0
24743089,99,69,28,2,80,2.02
53454214,19,10,5,4,10,21.05
78410060,29,24,5,0,26,0.0
14729718,44,34,8,2,36,4.55
6455817,116,92,24,0,104,0.0
48569681,144,118,20,6,127,4.17
3108618,25,13,8,4,22,16.0
41689778,11,5,2,4,11,36.36
38233274,21,10,10,1,17,4.76
16485772,28,18,4,6,25,21.43
82874382,5,4,1,0,5,0.0
33240143,6,4,2,0,5,0.0
85282086,20,17,3,0,20,0.0
98058875,17,14,3,0,17,0.0
88862064,29,22,5,2,28,6.9
91236092,24,15,7,2,21,8.33
38862002,5,4,1,0,5,0.0
17727670,30,24,5,1,23,3.33
74888762,1,1,0,0,1,0.0
80377750,55,50,4,1,48,1.82
2361596,31,23,7,1,30,3.23
40379757,51,48,3,0,48,0.0
99904288,3,3,0,0,3,0.0
16980816,51,25,16,10,36,19.61
10271283,16,7,5,4,13,25.0
50529712,70,48,15,7,66,10.0
22288612,5,2,3,0,5,0.0
30220062,9,4,2,3,9,33.33
83400596,9,6,2,1,9,11.11
21105228,5,4,1,0,5,0.0
2861113,30,22,7,1,29,3.33
18213171,28,19,9,0,27,0.0
84754755,1,1,0,0,1,0.0
53635952,12,9,3,0,12,0.0
9453794,10,8,2,0,9,0.0
51407962,2,0,2,0,1,0.0
40746527,61,57,4,0,53,0.0
22319494,48,36,11,1,43,2.08
91111547,72,64,7,1,67,1.39
40874035,43,25,14,4,43,9.3
30886726,12,5,5,2,9,16.67
65890867,76,37,31,8,59,10.53
54395994,5,4,1,0,5,0.0
66360655,27,19,8,0,26,0.0
6041933,63,43,16,4,36,6.35
74970865,10,7,3,0,8,0.0
75051561,2,2,0,0,2,0.0
86122421,96,70,19,7,80,7.29
82728376,57,49,6,2,44,3.51
64431147,11,6,4,1,10,9.09
98186517,38,22,13,3,36,7.89
70062657,6,6,0,0,5,0.0
79339317,9,7,1,1,9,11.11
66538480,35,27,8,0,33,0.0
29989605,21,12,4,5,17,23.81
45663780,2,2,0,0,2,0.0
72355241,53,35,16,2,43,3.77
24741793,1,1,0,0,1,0.0
59314585,4,1,2,1,4,25.0
3490114,19,15,4,0,19,0.0
58525429,10,7,3,0,9,0.0
63228442,7,7,0,0,6,0.0
53425918,5,3,1,1,5,20.0
67398597,9,8,1,0,6,0.0
13632015,6,4,2,0,4,0.0
24499478,50,44,6,0,50,0.0
61769946,54,33,21,0,40,0.0
2544309,17,13,4,0,15,0.0
27966216,11,8,3,0,11,0.0
36159637,77,70,5,2,68,2.6
73781105,23,17,4,2,20,8.7
91942340,22,15,7,0,22,0.0
55624647,7,6,1,0,7,0.0
66974721,30,21,9,0,27,0.0
63748916,2,1,1,0,2,0.0
89951423,28,26,0,2,26,7.14
19632078,54,27,17,10,47,18.52
99700792,7,4,2,1,7,14.29
23180766,14,12,2,0,13,0.0
57577361,2,2,0,0,2,0.0
43355145,31,26,5,0,29,0.0
98226580,8,7,0,1,8,12.5
51049693,9,4,4,1,9,11.11
41358306,26,20,5,1,25,3.85
65988510,17,9,6,2,8,11.76
89398563,3,1,2,0,3,0.0
57876640,102,69,31,2,88,1.96
48099176,67,42,24,1,32,1.49
85626523,3,3,0,0,3,0.0
80967372,29,20,8,1,28,3.45
66256265,19,13,5,1,19,5.26
64646809,8,6,2,0,8,0.0
79595752,18,17,1,0,17,0.0
20123563,22,19,3,0,21,0.0
86789998,38,22,11,5,38,13.16
59949299,43,25,15,3,41,6.98
6328066,24,16,8,0,24,0.0
76036988,5,5,0,0,5,0.0
64351367,6,3,3,0,6,0.0
60764757,10,3,4,3,10,30.0
80679607,102,66,28,8,41,7.84
97516884,12,4,8,0,11,0.0
89705417,24,18,5,1,18,4.17
28596238,80,60,19,1,67,1.25
87460138,13,6,4,3,7,23.08
54737130,22,18,4,0,19,0.0
43625896,9,5,3,1,9,11.11
48289594,30,23,5,2,26,6.67
19244005,39,32,6,1,37,2.56
85113004,3,2,1,0,3,0.0
40765213,94,71,18,5,76,5.32
21562875,12,9,2,1,11,8.33
15918514,15,10,5,0,10,0.0
19716574,13,12,1,0,13,0.0
36834284,17,13,4,0,15,0.0
93291645,71,42,23,6,69,8.45
27726138,57,27,17,13,33,22.81
94790915,75,50,18,7,71,9.33
95874417,7,7,0,0,6,0.0
2399886,74,64,10,0,70,0.0
11262642,46,26,15,5,36,10.87
70515363,13,6,5,2,13,15.38
86954412,19,4,8,7,18,36.84
22297416,1,0,1,0,1,0.0
21233823,1,0,1,0,1,0.0
74196356,22,18,3,1,21,4.55
76482125,46,24,20,2,30,4.35
20347107,20,7,9,4,19,20.0
95140252,29,21,6,2,28,6.9
99768752,10,9,1,0,10,0.0
7313522,19,9,8,2,15,10.53
68013416,15,12,1,2,14,13.33
90919918,6,5,1,0,6,0.0
70991229,35,30,3,2,35,5.71
96042428,3,3,0,0,3,0.0
88879212,3,2,1,0,3,0.0
3453509,22,17,1,4,21,18.18
47557350,10,6,2,2,9,20.0
51746643,21,15,5,1,19,4.76
12008503,11,7,2,2,11,18.18
10294908,30,17,10,3,17,10.0
29506221,51,39,11,1,34,1.96
74887014,13,9,1,3,11,23.08
20641386,25,16,5,4,19,16.0
44978732,6,4,1,1,5,16.67
76366230,1,0,1,0,1,0.0
22138625,8,7,1,0,8,0.0
32924956,2,2,0,0,2,0.0
86818626,79,41,24,14,60,17.72
60886802,8,8,0,0,8,0.0
73456617,50,39,11,0,44,0.0
51816627,39,28,7,4,23,10.26
31995764,11,6,3,2,10,18.18
51162399,54,22,24,8,46,14.81
90914404,18,16,2,0,16,0.0
79972603,13,10,3,0,13,0.0
61868983,14,7,4,3,10,21.43
51620243,33,21,8,4,29,12.12
70755811,60,32,16,12,58,20.0
82718011,5,2,3,0,5,0.0
45444348,69,61,8,0,58,0.0
92933183,2,2,0,0,2,0.0
16233642,1,0,0,1,1,100.0
48370611,33,32,0,1,26,3.03
99416798,15,15,0,0,13,0.0
69085424,11,4,3,4,11,36.36
80386006,27,22,3,2,21,7.41
23253852,18,16,1,1,17,5.56
7134361,7,4,2,1,7,14.29
95881352,14,12,2,0,14,0.0
41122261,28,19,7,2,27,7.14
48806986,1,1,0,0,1,0.0
27733742,28,18,9,1,24,3.57
99101987,30,23,4,3,28,10.0
95677817,19,12,5,2,16,10.53
92252877,2,2,0,0,2,0.0
50607478,29,15,7,7,22,24.14
68167707,61,43,15,3,50,4.92
69635116,62,55,7,0,59,0.0
39526070,52,31,19,2,44,3.85
62099927,4,4,0,0,4,0.0
68360743,7,3,4,0,7,0.0
10890203,4,1,3,0,4,0.0
5985321,9,5,2,2,9,22.22
92325007,17,12,4,1,14,5.88
40415421,1,1,0,0,1,0.0
36461740,21,15,4,2,16,9.52
25571774,8,3,5,0,7,0.0
23087473,8,8,0,0,8,0.0
73746036,3,3,0,0,3,0.0
1439317,16,10,6,0,15,0.0
54516958,5,5,0,0,5,0.0
88801857,16,13,3,0,15,0.0
95772099,9,5,4,0,8,0.0
91091611,21,13,4,4,16,19.05
89032569,14,9,3,2,14,14.29
39803632,2,2,0,0,2,0.0
4916139,33,22,10,1,21,3.03
87340606,5,3,0,2,5,40.0
65545121,22,14,8,0,22,0.0
27482242,28,18,7,3,22,10.71
58602300,30,18,9,3,21,10.0
66722812,23,8,9,6,22,26.09
14106834,58,37,15,6,52,10.34
55845834,22,14,5,3,18,13.64
4968321,71,46,18,7,64,9.86
81470609,5,5,0,0,5,0.0
15705575,127,100,25,2,112,1.57
4581975,9,9,0,0,8,0.0
1355046,1,1,0,0,1,0.0
92208769,16,9,4,3,15,18.75
90303894,33,29,4,0,26,0.0
74302212,10,10,0,0,10,0.0
1773275,33,20,13,0,31,0.0
37882776,26,17,9,0,24,0.0
83933508,62,54,6,2,56,3.23
56058719,1,0,1,0,1,0.0
63974695,10,4,2,4,6,40.0
47321911,18,14,4,0,16,0.0
76148580,2,1,1,0,2,0.0
86532471,11,6,3,2,7,18.18
64550031,13,12,1,0,13,0.0
84605441,74,60,12,2,70,2.7
23524416,7,7,0,0,7,0.0
72516057,20,16,3,1,19,5.0
52938924,8,5,2,1,7,12.5
74897372,43,21,17,5,36,11.63
97237472,41,23,16,2,35,4.88
76277810,51,35,15,1,23,1.96
33879211,30,22,8,0,30,0.0
32715477,20,16,4,0,17,0.0
64562462,32,24,5,3,27,9.38
68601933,28,21,4,3,26,10.71
93180690,6,3,3,0,6,0.0
99152042,24,13,11,0,24,0.0
57471707,21,16,5,0,18,0.0
1173854,18,12,5,1,17,5.56
40550248,35,25,6,4,34,11.43
76394354,9,4,5,0,8,0.0
43485805,26,12,7,7,15,26.92
69822146,20,15,2,3,15,15.0
87925448,4,2,1,1,4,25.0
76238038,1,0,1,0,1,0.0
8465071,5,4,1,0,5,0.0
73534641,7,4,2,1,4,14.29
25471620,9,4,5,0,9,0.0
73356207,3,2,0,1,3,33.33
3449009,24,20,4,0,24,0.0
90855121,24,15,4,5,21,20.83
87247954,46,20,18,8,37,17.39
59180988,41,25,13,3,37,7.32
26624955,16,14,1,1,16,6.25
96013721,42,38,3,1,37,2.38
62650526,2,2,0,0,2,0.0
76692103,14,9,5,0,13,0.0
63644820,54,44,9,1,53,1.85
77388811,22,17,3,2,17,9.09
87742203,22,11,8,3,13,13.64
54561675,36,22,10,4,24,11.11
60690072,3,3,0,0,3,0.0
85106625,3,3,0,0,3,0.0
62194011,7,6,1,0,7,0.0
98708992,6,2,2,2,6,33.33
72040805,5,3,2,0,5,0.0
54128511,7,6,1,0,7,0.0
61792440,18,6,10,2,16,11.11
64365823,27,19,6,2,19,7.41
76904564,27,26,1,0,26,0.0
92581390,27,25,2,0,26,0.0
31673142,3,3,0,0,3,0.0
66292404,7,5,2,0,6,0.0
93105425,3,3,0,0,2,0.0
30824595,58,28,24,6,50,10.34
53751010,48,28,14,6,41,12.5
38451653,17,10,6,1,17,5.88
43243751,17,15,2,0,16,0.0
28413533,7,3,3,1,7,14.29
64674726,15,9,4,2,14,13.33
86199662,24,11,8,5,22,20.83
25504449,49,32,17,0,49,0.0
85000253,15,10,3,2,13,13.33
33230368,15,8,3,4,11,26.67
43855435,19,15,4,0,17,0.0
64377326,15,11,4,0,13,0.0
47153697,18,11,5,2,13,11.11
18497838,51,24,16,11,45,21.57
33945054,20,13,6,1,15,5.0
30946502,19,11,6,2,19,10.53
48882134,54,26,20,8,41,14.81
70116707,8,7,1,0,8,0.0
70947225,29,20,6,3,24,10.34
45219513,8,6,1,1,8,12.5
61798769,27,21,4,2,24,7.41
12464124,4,2,1,1,4,25.0
3646164,16,10,6,0,12,0.0
60204611,29,14,12,3,28,10.34
70417917,11,8,3,0,11,0.0
81343868,2,0,1,1,2,50.0
43959701,14,11,3,0,14,0.0
35568584,37,19,10,8,24,21.62
56548701,17,7,10,0,12,0.0
60258189,31,21,7,3,21,9.68
17958995,26,15,6,5,26,19.23
54163376,89,49,29,11,67,12.36
62903720,8,2,6,0,8,0.0
87612021,16,12,3,1,15,6.25
38745866,43,28,11,4,40,9.3
38471983,20,17,3,0,18,0.0
12106657,4,4,0,0,4,0.0
84819607,40,30,4,6,32,15.0
68514302,12,8,4,0,10,0.0
12027596,2,2,0,0,2,0.0
30384501,39,27,9,3,38,7.69
28225491,45,34,9,2,37,4.44
36478168,22,12,7,3,20,13.64
4307973,43,33,8,2,41,4.65
26635925,4,4,0,0,3,0.0
27453640,1,0,1,0,1,0.0
7613089,16,14,1,1,16,6.25
25542467,41,26,8,7,36,17.07
97157713,41,31,9,1,38,2.44
49897663,7,4,2,1,7,14.29
52164589,58,35,11,12,43,20.69
6018239,1,1,0,0,1,0.0
96180860,44,27,16,1,39,2.27
65067490,34,11,19,4,33,11.76
30235401,10,8,1,1,9,10.0
19525173,14,7,4,3,12,21.43
46609715,11,6,5,0,8,0.0
29086460,3,3,0,0,2,0.0
20154691,6,1,4,1,5,16.67
17758370,23,19,4,0,16,0.0
8191895,2,2,0,0,2,0.0
50523682,1,1,0,0,1,0.0
42298073,20,8,8,4,20,20.0
68136062,72,64,8,0,68,0.0
40668776,9,3,3,3,9,33.33
34048639,47,40,7,0,45,0.0
36100917,20,18,1,1,19,5.0
40101959,146,84,41,21,75,14.38
20126117,4,4,0,0,3,0.0
68401560,14,5,9,0,11,0.0
26155223,27,13,7,7,21,25.93
56680477,22,14,5,3,22,13.64
38573841,7,3,3,1,7,14.29
16228913,4,3,1,0,4,0.0
74131736,7,6,1,0,7,0.0
54784152,50,44,6,0,50,0.0
83200269,23,14,6,3,22,13.04
15035524,4,4,0,0,4,0.0
38495233,51,40,11,0,45,0.0
10484026,15,8,2,5,11,33.33
38790002,3,1,1,1,2,33.33
28493255,45,32,11,2,44,4.44
6441204,80,60,20,0,73,0.0
86938804,1,1,0,0,1,0.0
74593618,55,36,13,6,47,10.91
28357147,10,8,2,0,10,0.0
10916544,35,31,3,1,34,2.86
72935996,5,3,1,1,5,20.0
92510927,99,68,23,8,62,8.08
19685841,3,2,1,0,3,0.0
96599151,4,1,2,1,4,25.0
4637993,8,2,1,5,6,62.5
13181905,18,10,4,4,13,22.22
36500786,11,7,4,0,11,0.0
63760901,5,3,0,2,5,40.0
56942709,46,26,11,9,33,19.57
32781520,39,25,12,2,37,5.13
89299186,13,11,2,0,13,0.0
75583430,3,3,0,0,3,0.0
15736297,14,5,5,4,11,28.57
67073800,9,5,1,3,8,33.33
25388733,69,40,17,12,56,17.39
43586230,4,3,1,0,4,0.0
56588809,67,52,13,2,65,2.99
74776889,5,2,3,0,5,0.0
63104308,11,7,2,2,10,18.18
19456918,15,11,2,2,13,13.33
12928581,43,30,13,0,41,0.0
28524425,73,56,11,6,62,8.22
70377421,6,6,0,0,6,0.0
79024583,14,11,3,0,13,0.0
68301444,7,7,0,0,7,0.0
93261105,33,24,9,0,29,0.0
88639232,2,2,0,0,2,0.0
12329223,39,22,8,9,34,23.08
11910965,17,8,6,3,15,17.65
25028340,13,8,4,1,9,7.69
18564304,31,26,4,1,31,3.23
66089564,4,3,1,0,4,0.0
67876890,33,24,4,5,28,15.15
49881646,7,4,2,1,7,14.29
38640295,27,21,6,0,25,0.0
30646656,11,8,3,0,11,0.0
13450496,8,3,3,2,8,25.0
72409614,9,6,3,0,8,0.0
70236580,7,3,3,1,7,14.29
90204305,36,24,9,3,32,8.33
48662673,7,5,2,0,7,0.0
42584285,5,3,2,0,5,0.0
70567702,5,2,1,2,5,40.0
71753942,4,1,3,0,4,0.0
9005454,40,29,10,1,37,2.5
12099221,7,3,2,2,5,28.57
81493910,9,5,3,1,9,11.11
62586763,84,70,14,0,79,0.0
87691749,7,6,1,0,6,0.0
77089830,4,2,0,2,3,50.0
25015147,13,10,2,1,12,7.69
82909563,12,9,3,0,9,0.0
5650633,1,1,0,0,1,0.0
94467194,8,4,3,1,7,12.5
85695493,22,11,10,1,13,4.55
68497558,6,6,0,0,6,0.0
130276,54,43,11,0,49,0.0
49695625,8,8,0,0,8,0.0
67815812,12,6,4,2,11,16.67
8890871,18,14,3,1,17,5.56
52919787,41,27,6,8,33,19.51
20545163,2,2,0,0,2,0.0
44501282,86,59,25,2,84,2.33
88549239,9,5,3,1,9,11.11
61378821,7,4,3,0,7,0.0
53553717,20,11,7,2,19,10.0
77759725,6,3,2,1,6,16.67
13317467,72,43,23,6,56,8.33
60609493,6,4,2,0,6,0.0
61994861,7,5,2,0,7,0.0
70485233,3,3,0,0,3,0.0
8414633,5,5,0,0,3,0.0
59566450,9,7,2,0,9,0.0
5285252,28,11,13,4,22,14.29
38534209,4,4,0,0,4,0.0
24749854,1,1,0,0,1,0.0
29640060,70,61,9,0,60,0.0
65565546,31,17,12,2,26,6.45
58515138,23,10,11,2,21,8.7
1214297,13,7,6,0,13,0.0
83358078,29,16,9,4,22,13.79
29642065,3,2,1,0,3,0.0
97344843,19,12,5,2,15,10.53
64258925,4,4,0,0,4,0.0
98896605,14,13,1,0,13,0.0
73026626,3,3,0,0,3,0.0
91530498,12,10,0,2,9,16.67
5260629,25,10,12,3,25,12.0
4644751,48,40,7,1,45,2.08
45653254,77,60,14,3,68,3.9
49492634,14,7,5,2,13,14.29
74685536,17,12,1,4,15,23.53
34579022,73,54,16,3,48,4.11
43980159,32,18,14,0,25,0.0
21784891,14,12,1,1,13,7.14
68631365,27,19,6,2,26,7.41
78139288,6,2,4,0,6,0.0
82685368,16,11,4,1,16,6.25
26249316,17,12,4,1,17,5.88
3071947,28,21,6,1,28,3.57
41904011,39,23,10,6,33,15.38
8396013,5,4,1,0,5,0.0
39417282,1,1,0,0,1,0.0
65542231,8,8,0,0,7,0.0
44081677,22,15,7,0,21,0.0
62377924,66,46,17,3,57,4.55
31309311,25,16,9,0,23,0.0
70914615,43,27,12,4,40,9.3
84965883,32,25,6,1,21,3.12
41089464,2,2,0,0,2,0.0
12041239,5,5,0,0,5,0.0
2996301,28,19,4,5,23,17.86
3870184,24,13,8,3,19,12.5
83094600,41,32,8,1,39,2.44
83197196,6,5,1,0,6,0.0
79932101,18,10,5,3,10,16.67
46692502,23,16,4,3,23,13.04
23464576,56,39,10,7,48,12.5
94480361,41,35,6,0,35,0.0
68765592,29,18,10,1,27,3.45
63886515,31,16,10,5,13,16.13
72050143,66,46,12,8,64,12.12
62612015,30,14,10,6,30,20.0
17638097,11,6,2,3,10,27.27
81846142,65,49,14,2,61,3.08
93505281,20,10,10,0,20,0.0
24498102,37,30,5,2,34,5.41
54017330,20,13,7,0,18,0.0
61321727,3,3,0,0,2,0.0
88263899,43,40,3,0,32,0.0
53722633,15,12,3,0,15,0.0
8040314,36,33,3,0,36,0.0
56418000,41,29,9,3,36,7.32
8095132,16,14,2,0,16,0.0
42811770,18,17,1,0,18,0.0
44755452,5,4,1,0,5,0.0
83225687,12,8,4,0,12,0.0
25002348,2,1,1,0,2,0.0
80808277,38,23,14,1,38,2.63
85105363,6,6,0,0,6,0.0
3247701,32,25,7,0,32,0.0
29214775,45,36,7,2,44,4.44
81569593,19,10,8,1,16,5.26
3055980,35,29,4,2,34,5.71
80879466,7,7,0,0,6,0.0
70682792,39,19,19,1,33,2.56
20113437,1,1,0,0,1,0.0
83839373,40,29,9,2,38,5.0
25670361,7,5,1,1,7,14.29
80385826,5,4,1,0,4,0.0
79291110,12,10,2,0,12,0.0
74267390,48,29,14,5,40,10.42
4269227,16,11,5,0,16,0.0
63842873,17,12,5,0,15,0.0
78639817,35,31,2,2,32,5.71
35935289,32,23,7,2,24,6.25
23586554,1,0,1,0,1,0.0
52654168,20,10,8,2,17,10.0
47541021,49,43,6,0,38,0.0
30436637,12,11,1,0,12,0.0
14322646,7,3,4,0,5,0.0
82130728,4,1,3,0,4,0.0
85699847,45,32,11,2,45,4.44
66540701,3,3,0,0,3,0.0
70500215,35,21,9,5,19,14.29
81903181,7,4,3,0,7,0.0
95024260,12,7,5,0,12,0.0
45899520,13,11,2,0,13,0.0
84758950,6,5,1,0,6,0.0
96750581,5,3,2,0,4,0.0
24190124,24,16,8,0,21,0.0
87165399,5,4,0,1,5,20.0
77437156,1,1,0,0,1,0.0
61351955,14,12,2,0,14,0.0
29969075,15,13,0,2,15,13.33
63760409,1,0,1,0,1,0.0
78494982,18,9,9,0,15,0.0
36812660,43,19,23,1,36,2.33
91056408,18,10,6,2,15,11.11
25583575,46,38,8,0,44,0.0
88360002,13,12,1,0,10,0.0
59352436,37,28,6,3,35,8.11
51987588,61,41,17,3,53,4.92
22314527,24,12,5,7,17,29.17
13755000,19,14,4,1,11,5.26
8841303,66,38,19,9,57,13.64
48847613,6,6,0,0,6,0.0
29853438,20,11,7,2,16,10.0
14514689,6,3,0,3,5,50.0
29114559,86,70,12,4,85,4.65
12648242,12,8,4,0,12,0.0
91027531,42,30,9,3,38,7.14
60983055,4,3,1,0,4,0.0
46480055,8,5,1,2,6,25.0
59874579,32,24,4,4,31,12.5
54699009,3,2,0,1,3,33.33
13803343,7,7,0,0,7,0.0
88920546,1,1,0,0,1,0.0
79668004,14,8,3,3,13,21.43
57972112,26,23,2,1,23,3.85
11017086,32,21,8,3,26,9.38
94467649,4,2,1,1,2,25.0
98790968,2,1,1,0,2,0.0
75291459,8,7,1,0,8,0.0
41330531,61,55,6,0,36,0.0
74972366,12,9,3,0,9,0.0
10539439,12,10,2,0,11,0.0
42427817,33,22,6,5,23,15.15
34054699,4,2,1,1,4,25.0
173778,4,3,1,0,2,0.0
80855542,6,6,0,0,6,0.0
52414869,107,76,30,1,87,0.93
96924557,3,2,1,0,3,0.0
82278678,2,1,1,0,2,0.0
6758852,41,31,7,3,28,7.32
72956955,32,17,14,1,29,3.12
3681214,25,21,4,0,23,0.0
93296042,64,52,9,3,57,4.69
59890033,6,6,0,0,6,0.0
51582003,61,45,10,6,58,9.84
6627906,16,11,4,1,16,6.25
47547369,2,0,2,0,2,0.0
5708793,4,4,0,0,2,0.0
17514836,9,7,2,0,9,0.0
64293382,11,6,5,0,8,0.0
32812896,51,35,14,2,39,3.92
94915611,2,0,1,1,2,50.0
71907569,54,39,9,6,44,11.11
62440158,33,27,6,0,33,0.0
84662707,26,14,8,4,13,15.38
40830002,6,4,2,0,6,0.0
18498083,48,31,15,2,48,4.17
77191111,14,11,2,1,13,7.14
41891506,45,34,11,0,39,0.0
98452215,2,0,2,0,2,0.0
59942306,25,18,4,3,24,12.0
34423367,3,1,1,1,3,33.33
89417685,31,22,4,5,26,16.13
3799568,11,6,4,1,11,9.09
75847690,5,3,0,2,5,40.0
7717656,7,4,2,1,7,14.29
41498692,1,0,0,1,1,100.0
67139010,3,0,3,0,3,0.0
30504650,2,2,0,0,2,0.0
76973121,1,1,0,0,1,0.0
38086217,16,9,4,3,13,18.75
57475040,9,8,1,0,9,0.0
97423323,18,13,5,0,15,0.0
39493330,9,5,4,0,7,0.0
69875137,6,5,0,1,6,16.67
43588553,8,5,2,1,6,12.5
45903221,10,5,5,0,10,0.0
41634758,18,13,4,1,18,5.56
96655718,19,10,9,0,16,0.0
19872161,44,38,6,0,40,0.0
99189770,12,7,1,4,10,33.33
7381065,16,12,4,0,12,0.0
46098743,10,8,2,0,10,0.0
53657861,7,3,3,1,7,14.29
28453529,12,10,2,0,12,0.0
59800283,6,4,2,0,3,0.0
40356327,20,15,5,0,18,0.0
14453608,76,66,8,2,65,2.63
27748619,15,7,5,3,14,20.0
17282399,8,5,3,0,8,0.0
50626531,11,4,5,2,10,18.18
50032398,35,25,7,3,23,8.57
73652610,1,0,1,0,1,0.0
42911194,29,25,4,0,23,0.0
75185654,17,9,4,4,11,23.53
2651583,15,8,5,2,14,13.33
89444553,19,8,9,2,15,10.53
25281893,13,8,4,1,10,7.69
56850717,3,2,1,0,3,0.0
66822855,93,74,19,0,81,0.0
36399093,42,14,16,12,31,28.57
73109953,17,11,5,1,16,5.88
99289609,4,1,1,2,3,50.0
1847505,4,3,1,0,4,0.0
4130535,15,10,5,0,5,0.0
90931553,1,1,0,0,1,0.0
72899228,10,7,3,0,10,0.0
17798769,18,16,2,0,17,0.0
19173371,21,14,3,4,19,19.05
74779334,140,117,22,1,134,0.71
18732460,2,2,0,0,2,0.0
59390403,20,8,8,4,13,20.0
65084129,58,47,8,3,43,5.17
17917551,7,4,1,2,6,28.57
2471284,35,22,12,1,34,2.86
25831472,10,6,4,0,9,0.0
9115671,7,3,2,2,6,28.57
35953768,4,3,0,1,4,25.0
95519649,21,17,2,2,20,9.52
78254681,23,17,6,0,22,0.0
20513150,7,6,0,1,7,14.29
21728377,21,13,6,2,20,9.52
47052066,12,9,3,0,12,0.0
70355291,1,1,0,0,1,0.0
24882079,22,19,2,1,21,4.55
80558549,74,59,9,6,72,8.11
23233063,14,11,3,0,10,0.0
75810375,2,2,0,0,2,0.0
95922547,26,21,5,0,25,0.0
31050675,32,20,10,2,30,6.25
82700244,3,3,0,0,2,0.0
57224144,4,4,0,0,4,0.0
30781874,24,15,8,1,24,4.17
70045415,3,2,1,0,3,0.0
21633172,34,22,8,4,26,11.76
46902942,5,4,1,0,5,0.0
5401001,13,11,2,0,12,0.0
92055577,6,4,1,1,6,16.67
63863324,27,23,4,0,27,0.0
33437302,40,25,13,2,36,5.0
50509920,18,10,5,3,13,16.67
4361761,17,8,6,3,16,17.65
65297836,21,18,3,0,21,0.0
29450548,30,20,6,4,29,13.33
87575723,17,14,3,0,17,0.0
60897751,24,19,4,1,24,4.17
66874525,8,7,1,0,8,0.0
24629574,28,20,5,3,21,10.71
49194779,10,9,1,0,10,0.0
58904169,22,10,7,5,12,22.73
65991544,24,16,8,0,22,0.0
46693007,1,1,0,0,1,0.0
73168864,35,27,8,0,31,0.0
69005507,22,11,8,3,18,13.64
50428201,6,5,1,0,5,0.0
53593600,30,21,6,3,25,10.0
14175106,97,68,27,2,77,2.06
85142463,8,4,2,2,8,25.0
26546879,9,8,1,0,9,0.0
30204832,19,12,3,4,16,21.05
22652062,28,19,9,0,20,0.0
46549899,1,0,1,0,1,0.0
62667034,7,5,2,0,7,0.0
54460097,3,3,0,0,3,0.0
26223993,20,12,5,3,16,15.0
10302340,29,15,10,4,28,13.79
75222159,13,10,2,1,13,7.69
68844160,16,14,2,0,16,0.0
17335895,9,5,3,1,7,11.11
39142448,11,8,3,0,9,0.0
74390509,18,11,5,2,16,11.11
42125318,1,1,0,0,1,0.0
75200933,13,11,1,1,13,7.69
22077841,37,21,10,6,28,16.22
76980158,16,6,9,1,16,6.25
26898676,12,10,1,1,6,8.33
60822995,22,19,3,0,15,0.0
15007438,47,34,8,5,42,10.64
85412124,64,35,22,7,42,10.94
74967589,7,6,0,1,6,14.29
41409444,2,0,1,1,2,50.0
44526730,7,5,0,2,7,28.57
41869458,14,10,4,0,14,0.0
31807343,12,7,5,0,11,0.0
85105795,6,4,1,1,6,16.67
56943261,1,1,0,0,1,0.0
21326732,8,7,1,0,8,0.0
99054579,1,1,0,0,1,0.0
76319589,11,10,1,0,10,0.0
59092402,6,4,2,0,6,0.0
33408613,6,2,2,2,5,33.33
42154292,17,13,4,0,16,0.0
87356189,34,25,8,1,27,2.94
72580878,2,2,0,0,2,0.0
33295073,7,5,1,1,7,14.29
5210177,2,2,0,0,2,0.0
8654485,43,20,17,6,37,13.95
9179988,14,12,1,1,12,7.14
84780822,9,2,7,0,9,0.0
58542924,31,26,5,0,31,0.0
65462284,17,15,2,0,17,0.0
85112293,10,8,2,0,10,0.0
43449144,21,11,10,0,21,0.0
88651496,18,8,8,2,17,11.11
48332487,3,3,0,0,3,0.0
62070889,6,6,0,0,6,0.0
79907669,7,2,4,1,7,14.29
87408412,18,12,6,0,17,0.0
63541502,12,12,0,0,12,0.0
59928780,4,2,0,2,4,50.0
11496332,5,3,1,1,5,20.0
61005329,1,0,1,0,1,0.0
41179397,11,6,2,3,11,27.27
31233761,44,24,14,6,39,13.64
84769750,14,7,5,2,13,14.29
39076783,5,3,2,0,5,0.0
50066795,7,7,0,0,7,0.0
45549101,9,4,4,1,8,11.11
74066770,5,5,0,0,5,0.0
33703354,12,10,2,0,10,0.0
60316889,8,6,2,0,8,0.0
48926937,9,4,5,0,9,0.0
19267524,32,25,7,0,28,0.0
67244057,9,7,1,1,8,11.11
82083410,52,41,8,3,35,5.77
27294099,28,22,5,1,28,3.57
1544744,18,15,3,0,16,0.0
37234880,9,6,2,1,6,11.11
23865847,3,2,0,1,3,33.33
3934172,12,6,4,2,12,16.67
33482772,5,1,4,0,5,0.0
17551053,10,8,1,1,10,10.0
21307062,36,26,8,2,34,5.56
89643305,12,4,7,1,5,8.33
35093805,2,1,0,1,2,50.0
82903354,18,11,4,3,13,16.67
98116365,19,10,7,2,14,10.53
19872476,50,26,21,3,39,6.0
78593411,15,8,3,4,13,26.67
44663545,2,1,0,1,2,50.0
89993078,63,34,25,4,50,6.35
3991504,12,10,2,0,10,0.0
30913421,31,20,6,5,27,16.13
63642902,27,21,6,0,21,0.0
24013464,25,18,6,1,23,4.0
99266271,28,21,7,0,27,0.0
79728336,28,20,4,4,27,14.29
49754991,5,5,0,0,5,0.0
84143226,24,15,8,1,22,4.17
31155632,15,7,4,4,14,26.67
88248033,5,4,1,0,5,0.0
42717207,6,4,1,1,6,16.67
25260940,6,5,1,0,6,0.0
62335978,2,2,0,0,2,0.0
84541443,3,1,2,0,3,0.0
77930136,40,31,7,2,36,5.0
12088165,5,4,1,0,5,0.0
44629008,39,19,19,1,37,2.56
81861662,30,24,5,1,28,3.33
13891873,21,16,1,4,17,19.05
10917765,3,2,1,0,3,0.0
19058244,14,13,1,0,14,0.0
41756814,12,10,2,0,10,0.0
60870524,29,21,3,5,20,17.24
60216999,23,17,5,1,22,4.35
77904565,4,4,0,0,4,0.0
20511026,12,11,1,0,12,0.0
9336948,11,7,3,1,10,9.09
21478288,15,11,3,1,14,6.67
93518494,2,2,0,0,2,0.0
92453992,4,2,1,1,3,25.0
53818233,8,7,1,0,8,0.0
29667626,5,2,3,0,4,0.0
27673742,2,1,1,0,2,0.0
10767800,16,13,3,0,16,0.0
26040076,7,3,1,3,6,42.86
13365214,3,3,0,0,3,0.0
41433488,8,5,2,1,8,12.5
63350372,8,8,0,0,8,0.0
24880447,4,2,2,0,4,0.0
73732402,16,14,2,0,16,0.0
35084680,15,8,5,2,15,13.33
30323067,7,4,2,1,7,14.29
52746747,35,29,6,0,29,0.0
17778024,17,13,2,2,17,11.76
415193,35,28,4,3,31,8.57
72736935,13,7,5,1,13,7.69
41012573,27,24,3,0,27,0.0
46060656,19,11,5,3,17,15.79
68824880,18,16,2,0,13,0.0
77832108,47,32,10,5,44,10.64
32343412,4,4,0,0,4,0.0
9059487,4,4,0,0,4,0.0
99578894,1,1,0,0,1,0.0
43554139,9,7,2,0,9,0.0
7615356,13,12,1,0,13,0.0
58324863,13,10,3,0,12,0.0
57143910,2,2,0,0,2,0.0
34564501,32,30,2,0,31,0.0
58190599,85,63,17,5,67,5.88
12427149,20,12,3,5,13,25.0
30984171,13,3,7,3,13,23.08
23506572,5,3,2,0,3,0.0
81869018,9,7,2,0,9,0.0
16576322,26,17,7,2,21,7.69
73711710,26,17,8,1,26,3.85
83745396,3,3,0,0,3,0.0
80241424,6,6,0,0,4,0.0
98529642,5,4,1,0,5,0.0
451339,34,27,7,0,28,0.0
23653111,21,19,2,0,18,0.0
31816069,4,2,2,0,3,0.0
42033958,10,9,1,0,9,0.0
12456823,35,22,13,0,34,0.0
26352441,22,11,9,2,21,9.09
67539973,11,7,1,3,11,27.27
9192757,9,7,0,2,7,22.22
99490104,15,9,3,3,15,20.0
95845458,32,24,5,3,23,9.38
83740518,7,2,5,0,6,0.0
14887038,15,11,3,1,13,6.67
10707663,13,5,5,3,12,23.08
20263004,27,23,4,0,27,0.0
96364334,11,9,2,0,11,0.0
74544701,4,3,1,0,4,0.0
3623808,2,1,0,1,2,50.0
96443466,3,2,1,0,3,0.0
87956407,4,4,0,0,3,0.0
76968725,9,8,1,0,8,0.0
62763407,8,2,4,2,6,25.0
91617415,1,1,0,0,1,0.0
1384167,1,1,0,0,1,0.0
38953150,9,6,1,2,9,22.22
2646026,9,4,5,0,9,0.0
86912967,7,5,2,0,7,0.0
6013149,4,3,1,0,4,0.0
36706321,4,3,1,0,4,0.0
63480427,26,12,10,4,23,15.38
41583234,20,15,5,0,19,0.0
51356350,50,37,7,6,49,12.0
96638679,5,2,0,3,5,60.0
75742382,8,3,3,2,7,25.0
57840752,15,13,1,1,13,6.67
57600794,15,7,4,4,15,26.67
75482309,21,17,3,1,15,4.76
24065738,49,35,10,4,38,8.16
38586482,61,51,5,5,50,8.2
42382201,7,6,0,1,7,14.29
14691218,15,10,3,2,15,13.33
68163498,3,2,1,0,2,0.0
44427345,8,6,1,1,8,12.5
40548192,9,6,3,0,8,0.0
86466365,11,10,1,0,11,0.0
24289976,1,1,0,0,1,0.0
91187206,1,1,0,0,1,0.0
72607973,2,2,0,0,2,0.0
38148179,24,16,4,4,17,16.67
91484140,3,2,1,0,3,0.0
6300563,11,5,4,2,9,18.18
53981944,30,24,4,2,28,6.67
90698751,7,4,2,1,7,14.29
76092678,1,0,1,0,1,0.0
71467417,1,0,1,0,1,0.0
75522359,9,7,1,1,9,11.11
32307591,5,3,1,1,5,20.0
38289212,10,6,3,1,9,10.0
28611390,10,8,2,0,7,0.0
50421481,6,5,1,0,6,0.0
50000517,16,9,2,5,15,31.25
25877266,2,2,0,0,2,0.0
7508358,13,11,1,1,12,7.69
71958429,30,14,9,7,21,23.33
91040119,9,5,3,1,7,11.11
2655324,8,7,1,0,8,0.0
59841267,7,6,1,0,7,0.0
73762474,4,4,0,0,4,0.0
19413499,9,4,4,1,9,11.11
28808218,40,31,8,1,30,2.5
64782681,5,2,2,1,4,20.0
74221393,9,4,4,1,7,11.11
65160968,8,6,1,1,8,12.5
81217552,32,28,3,1,27,3.12
7100880,34,20,9,5,21,14.71
64171067,1,1,0,0,1,0.0
74344143,12,9,3,0,12,0.0
17602651,4,4,0,0,4,0.0
25991522,15,9,6,0,8,0.0
91442136,42,27,9,6,35,14.29
30590951,29,15,10,4,26,13.79
66126470,27,22,5,0,27,0.0
65871579,15,8,6,1,13,6.67
73819968,27,19,6,2,26,7.41
79233782,1,1,0,0,1,0.0
42109968,11,10,1,0,11,0.0
25759094,13,8,3,2,12,15.38
79262655,19,18,1,0,19,0.0
2220212,1,0,0,1,1,100.0
56230748,4,2,1,1,4,25.0
38073407,5,4,1,0,5,0.0
56428805,13,10,2,1,13,7.69
75364623,23,16,7,0,22,0.0
37919186,2,2,0,0,2,0.0
2350214,25,15,7,3,16,12.0
11906336,8,8,0,0,8,0.0
33028033,11,10,1,0,10,0.0
68278455,81,46,21,14,73,17.28
17380516,8,2,4,2,6,25.0
5899538,19,11,8,0,16,0.0
87107195,8,5,2,1,8,12.5
2741993,5,2,2,1,5,20.0
32499648,3,2,1,0,3,0.0
71182286,27,19,6,2,23,7.41
26413321,8,3,5,0,8,0.0
12854168,7,5,2,0,7,0.0
85093982,8,6,2,0,8,0.0
42886418,8,5,3,0,8,0.0
4965108,10,4,2,4,7,40.0
71163,16,13,2,1,16,6.25
5594071,1,1,0,0,1,0.0
67141796,17,14,3,0,7,0.0
17277025,2,1,0,1,2,50.0
56600927,18,10,8,0,12,0.0
69100262,6,5,1,0,6,0.0
53518207,17,13,4,0,16,0.0
59372966,9,7,1,1,8,11.11
65123041,14,8,3,3,14,21.43
57340563,18,7,7,4,18,22.22
16514864,42,33,9,0,41,0.0
35212478,2,2,0,0,2,0.0
59525508,12,8,2,2,12,16.67
22262250,44,33,7,4,43,9.09
9015661,25,23,1,1,23,4.0
63767254,64,35,21,8,42,12.5
35639564,12,12,0,0,12,0.0
94001043,2,2,0,0,2,0.0
21238851,15,13,1,1,15,6.67
13041867,2,2,0,0,2,0.0
21801798,18,8,5,5,13,27.78
98226310,7,4,3,0,7,0.0
86283178,7,4,1,2,7,28.57
35706418,10,9,1,0,8,0.0
35412448,6,2,4,0,5,0.0
72842151,11,9,2,0,8,0.0
74538757,6,1,4,1,5,16.67
13995551,44,28,10,6,25,13.64
14401167,6,4,2,0,6,0.0
44088997,1,0,0,1,1,100.0
98581417,22,13,4,5,21,22.73
35138800,2,2,0,0,2,0.0
19215286,10,9,0,1,10,10.0
31597360,21,10,5,6,19,28.57
23792593,7,4,0,3,6,42.86
34777886,18,8,9,1,15,5.56
308398,40,25,11,4,32,10.0
62273538,6,3,3,0,6,0.0
46679679,40,29,8,3,30,7.5
25248238,51,29,16,6,45,11.76
43184501,24,21,3,0,24,0.0
80751835,11,8,3,0,9,0.0
31844335,2,2,0,0,2,0.0
37245247,20,15,5,0,17,0.0
84793635,40,25,11,4,17,10.0
46243835,21,18,2,1,18,4.76
95302605,15,10,4,1,9,6.67
40683387,3,1,2,0,3,0.0
76979390,33,21,8,4,30,12.12
63393777,13,5,5,3,7,23.08
43006716,10,5,4,1,8,10.0
53243042,2,0,1,1,2,50.0
7540176,6,3,1,2,5,33.33
8362304,13,9,4,0,13,0.0
31696640,9,3,5,1,7,11.11
61230650,9,5,3,1,7,11.11
80887771,1,1,0,0,1,0.0
59040655,6,5,1,0,6,0.0
81413065,20,11,8,1,18,5.0
64574822,6,5,1,0,5,0.0
16557589,1,1,0,0,1,0.0
13500892,10,9,1,0,9,0.0
16861053,3,2,1,0,3,0.0
37935638,19,15,3,1,19,5.26
29378962,20,13,6,1,14,5.0
19618853,2,1,0,1,2,50.0
24765107,2,2,0,0,2,0.0
99440178,7,6,1,0,7,0.0
51307919,2,1,1,0,2,0.0
55535431,16,16,0,0,16,0.0
91375950,6,6,0,0,5,0.0
37179714,2,1,1,0,1,0.0
94269759,23,19,4,0,22,0.0
31805883,14,7,6,1,12,7.14
37938459,18,9,6,3,14,16.67
4744230,3,2,1,0,3,0.0
55183820,69,47,17,5,63,7.25
42328082,8,6,2,0,7,0.0
48156424,8,6,2,0,8,0.0
9418279,61,51,9,1,58,1.64
54025490,13,12,1,0,11,0.0
71224228,6,3,3,0,6,0.0
97370127,13,12,1,0,13,0.0
98000594,24,13,7,4,17,16.67
46320855,5,5,0,0,5,0.0
14220170,7,7,0,0,7,0.0
6019341,11,10,1,0,8,0.0
93312717,13,11,2,0,12,0.0
47079606,25,24,1,0,25,0.0
9606418,3,3,0,0,3,0.0
53359048,6,4,1,1,5,16.67
84272620,33,20,11,2,28,6.06
48372872,14,12,2,0,13,0.0
55910980,14,10,3,1,14,7.14
92132360,5,3,2,0,5,0.0
27677188,7,7,0,0,7,0.0
60976651,12,6,4,2,11,16.67
78202782,45,37,7,1,42,2.22
7022164,11,7,4,0,9,0.0
87878065,4,3,1,0,4,0.0
49194609,4,4,0,0,4,0.0
34552558,35,28,6,1,35,2.86
49021593,11,7,3,1,10,9.09
29657239,2,2,0,0,2,0.0
80560653,2,1,1,0,2,0.0
51747823,14,11,3,0,14,0.0
10152417,32,15,13,4,22,12.5
14737887,12,5,7,0,12,0.0
8659598,10,8,1,1,9,10.0
34032461,8,4,1,3,5,37.5
39010561,15,9,3,3,12,20.0
8469918,4,4,0,0,4,0.0
20211240,16,9,7,0,16,0.0
94341221,23,16,5,2,18,8.7
4160844,5,2,1,2,5,40.0
82252365,34,26,5,3,17,8.82
65604045,17,12,4,1,17,5.88
57700411,51,39,12,0,30,0.0
16373670,1,1,0,0,1,0.0
65124370,2,1,1,0,2,0.0
39984481,11,8,2,1,11,9.09
59242877,8,7,0,1,7,12.5
95809099,3,1,1,1,3,33.33
76220543,21,17,3,1,19,4.76
21230037,4,3,1,0,4,0.0
58566612,2,1,1,0,2,0.0
59236116,9,6,3,0,8,0.0
60241030,3,3,0,0,3,0.0
70672650,7,5,2,0,7,0.0
67243315,17,11,2,4,12,23.53
85376353,5,4,1,0,5,0.0
82524680,6,6,0,0,6,0.0
18110013,13,12,1,0,11,0.0
87087131,19,10,4,5,16,26.32
59514079,5,2,2,1,4,20.0
13105534,5,4,0,1,5,20.0
61525049,2,1,1,0,2,0.0
68034727,19,12,6,1,19,5.26
82012007,3,3,0,0,3,0.0
88059329,18,16,2,0,18,0.0
51084803,3,3,0,0,3,0.0
89524096,14,14,0,0,14,0.0
78956323,34,29,1,4,30,11.76
57278912,4,3,0,1,3,25.0
45244137,6,4,1,1,6,16.67
61118558,2,2,0,0,2,0.0
92816446,1,1,0,0,1,0.0
85970116,3,1,2,0,3,0.0
24955393,46,30,12,4,29,8.7
45049294,18,12,6,0,16,0.0
12681504,9,7,1,1,9,11.11
5240698,2,1,0,1,2,50.0
66970165,5,2,0,3,4,60.0
5477425,6,3,3,0,6,0.0
20589755,48,32,10,6,43,12.5
67514201,2,2,0,0,2,0.0
45144737,18,15,1,2,14,11.11
14693303,7,2,3,2,7,28.57
56433359,1,1,0,0,1,0.0
24292990,17,14,2,1,16,5.88
2333451,15,10,3,2,14,13.33
75557209,15,12,3,0,15,0.0
19396212,8,4,4,0,8,0.0
58681242,18,15,1,2,18,11.11
34254990,2,2,0,0,2,0.0
17019855,17,15,2,0,17,0.0
5187966,22,13,5,4,16,18.18
50026340,68,52,12,4,44,5.88
33347909,37,28,9,0,33,0.0
82175135,2,1,1,0,2,0.0
32466016,6,5,0,1,6,16.67
97281635,3,2,1,0,3,0.0
53419159,4,3,1,0,4,0.0
91087587,37,16,16,5,22,13.51
44180643,1,1,0,0,1,0.0
27669018,47,42,5,0,44,0.0
45438235,5,4,1,0,5,0.0
27516069,9,9,0,0,8,0.0
64613041,18,10,5,3,16,16.67
78468458,5,4,1,0,5,0.0
62904153,19,16,3,0,18,0.0
14417251,10,7,2,1,10,10.0
52195141,9,9,0,0,9,0.0
90946132,11,9,2,0,11,0.0
67784680,4,2,1,1,4,25.0
80564465,4,3,1,0,4,0.0
54887179,8,6,1,1,8,12.5
90477043,15,12,3,0,14,0.0
47732876,1,1,0,0,1,0.0
85328865,15,12,3,0,12,0.0
5097839,17,13,1,3,14,17.65
8897020,11,7,3,1,9,9.09
21109031,10,7,1,2,10,20.0
93955010,22,8,13,1,21,4.55
976351,5,3,2,0,5,0.0
57824808,13,12,1,0,12,0.0
77957067,10,6,1,3,9,30.0
95274147,8,8,0,0,8,0.0
16310970,2,1,1,0,2,0.0
18079981,1,1,0,0,1,0.0
77551427,4,3,0,1,2,25.0
32503448,3,2,1,0,3,0.0
88585498,12,10,2,0,12,0.0
62369749,6,4,2,0,6,0.0
96434087,4,2,1,1,4,25.0
57274721,3,2,1,0,3,0.0
46252693,9,9,0,0,9,0.0
84915642,16,6,7,3,14,18.75
78318182,17,15,1,1,17,5.88
25858762,6,2,0,4,5,66.67
1183233,3,3,0,0,3,0.0
2405014,2,2,0,0,2,0.0
31045082,3,3,0,0,3,0.0
99654268,1,1,0,0,1,0.0
66006711,10,7,3,0,10,0.0
33945367,1,1,0,0,1,0.0
41717918,11,9,2,0,10,0.0
8617060,6,5,0,1,6,16.67
53886453,10,6,4,0,10,0.0
35331542,15,8,4,3,14,20.0
48009019,13,11,1,1,13,7.69
26347879,16,11,4,1,16,6.25
88827126,32,25,6,1,32,3.12
61311647,10,7,3,0,10,0.0
31849609,3,1,2,0,3,0.0
65124725,16,16,0,0,16,0.0
49238994,1,1,0,0,1,0.0
51179607,12,7,3,2,12,16.67
94255118,8,6,1,1,7,12.5
92373614,3,0,1,2,1,66.67
38769796,17,11,2,4,12,23.53
3600008,18,4,12,2,13,11.11
23242194,4,4,0,0,4,0.0
30902065,2,1,1,0,2,0.0
45933368,19,12,5,2,18,10.53
1281693,2,1,1,0,2,0.0
80950526,6,5,1,0,4,0.0
61529816,10,7,3,0,10,0.0
12181929,8,5,3,0,7,0.0
47334185,18,17,0,1,18,5.56
69265083,16,6,10,0,15,0.0
25143018,2,2,0,0,2,0.0
91718610,3,1,1,1,3,33.33
47663476,13,11,2,0,13,0.0
18612509,3,2,1,0,3,0.0
81606197,5,5,0,0,5,0.0
15420047,13,10,1,2,10,15.38
62877279,8,4,4,0,8,0.0
2929555,4,3,0,1,4,25.0
44938426,10,8,2,0,10,0.0
69636824,1,1,0,0,1,0.0
61910064,2,1,0,1,1,50.0
20023539,6,6,0,0,6,0.0
64894915,1,1,0,0,1,0.0
54008686,1,1,0,0,1,0.0
42372016,4,4,0,0,4,0.0
74610767,7,7,0,0,7,0.0
37984213,5,3,1,1,3,20.0
63941794,2,2,0,0,2,0.0
42390661,1,0,1,0,1,0.0
88477960,6,3,3,0,5,0.0
15822784,9,6,2,1,8,11.11
38377250,17,10,5,2,14,11.76
86808289,19,14,5,0,19,0.0
34396940,7,6,1,0,6,0.0
28647633,31,18,12,1,31,3.23
64396351,5,4,1,0,4,0.0
1449998,6,5,1,0,6,0.0
84636912,2,2,0,0,2,0.0
94229878,3,2,1,0,3,0.0
40112785,20,16,3,1,16,5.0
57258465,5,5,0,0,5,0.0
80623203,1,1,0,0,1,0.0
83470349,15,7,8,0,15,0.0
79759543,1,1,0,0,1,0.0
54846222,4,3,0,1,4,25.0
48407846,8,3,5,0,6,0.0
19863056,4,1,3,0,4,0.0
4490436,7,4,1,2,4,28.57
49275749,7,4,3,0,7,0.0
37530383,4,4,0,0,3,0.0
66421763,2,2,0,0,2,0.0
54782296,2,2,0,0,2,0.0
71604612,14,6,6,2,13,14.29
35465131,4,1,2,1,3,25.0
29263164,9,7,2,0,9,0.0
70835642,12,7,4,1,12,8.33
45688713,11,3,4,4,9,36.36
73328350,1,1,0,0,1,0.0
24672327,5,5,0,0,5,0.0
98064296,2,2,0,0,2,0.0
45674094,4,1,3,0,4,0.0
69260923,8,5,0,3,8,37.5
83515915,9,6,1,2,3,22.22
96782011,9,7,1,1,7,11.11
4398551,31,24,6,1,26,3.23
25625604,33,24,9,0,32,0.0
39869060,23,17,5,1,21,4.35
12447926,6,1,5,0,5,0.0
74951764,13,8,5,0,12,0.0
578720,12,11,1,0,12,0.0
33620529,13,11,2,0,13,0.0
40423064,16,12,3,1,16,6.25
50411727,7,2,4,1,6,14.29
44051110,6,6,0,0,6,0.0
55234629,8,7,0,1,8,12.5
80491528,14,11,1,2,10,14.29
8871616,5,4,1,0,5,0.0
88971298,2,2,0,0,2,0.0
20677802,5,3,2,0,5,0.0
67517197,12,5,2,5,9,41.67
36668655,4,1,2,1,4,25.0
27946714,21,14,3,4,14,19.05
88594906,8,6,2,0,8,0.0
57785750,13,12,0,1,8,7.69
23080937,2,1,1,0,2,0.0
34713567,5,3,1,1,5,20.0
2214192,3,3,0,0,3,0.0
96311435,11,10,1,0,10,0.0
39712137,9,6,1,2,5,22.22
12799057,10,9,1,0,10,0.0
41990570,4,4,0,0,4,0.0
91183046,6,3,3,0,6,0.0
741290,9,6,1,2,7,22.22
75964028,8,8,0,0,7,0.0
64725530,11,7,3,1,11,9.09
17236928,6,4,1,1,4,16.67
61929496,21,15,3,3,18,14.29
36422351,11,8,2,1,10,9.09
12754511,2,2,0,0,2,0.0
18584572,19,12,6,1,19,5.26
92905668,20,17,2,1,17,5.0
33983668,5,4,1,0,5,0.0
6133073,9,6,2,1,9,11.11
96165856,11,10,0,1,11,9.09
2960523,5,2,3,0,5,0.0
24950628,13,11,2,0,13,0.0
50012896,1,1,0,0,1,0.0
37162139,6,4,0,2,6,33.33
11298508,3,3,0,0,3,0.0
72958504,11,9,2,0,9,0.0
99364032,1,1,0,0,1,0.0
55669262,6,5,1,0,6,0.0
20656528,16,6,7,3,11,18.75
42568236,5,3,2,0,3,0.0
82881138,5,2,3,0,5,0.0
74541862,2,1,1,0,2,0.0
89083397,1,1,0,0,1,0.0
91138289,8,6,2,0,8,0.0
95771976,46,18,21,7,39,15.22
84851132,4,3,1,0,4,0.0
90840393,8,5,1,2,6,25.0
11332209,4,4,0,0,4,0.0
87318360,13,8,2,3,13,23.08
87374617,2,1,1,0,2,0.0
90497425,11,9,1,1,10,9.09
86541736,3,2,1,0,3,0.0
82764171,2,2,0,0,1,0.0
39232350,5,4,1,0,4,0.0
48711834,5,4,1,0,5,0.0
80925384,5,5,0,0,5,0.0
96181238,7,2,5,0,7,0.0
4890814,3,2,1,0,3,0.0
77941679,4,2,1,1,4,25.0
83779874,1,0,1,0,1,0.0
2817664,14,10,4,0,11,0.0
76622940,59,47,12,0,57,0.0
85374104,2,1,1,0,2,0.0
36740633,4,3,0,1,3,25.0
10320474,6,4,2,0,5,0.0
53951267,15,11,3,1,15,6.67
55650166,4,4,0,0,4,0.0
87963560,17,11,6,0,16,0.0
20937462,2,1,1,0,2,0.0
34451610,8,6,2,0,8,0.0
97347695,3,2,1,0,3,0.0
4773906,3,3,0,0,3,0.0
42758610,4,3,0,1,4,25.0
61610722,7,5,2,0,6,0.0
53846340,2,2,0,0,2,0.0
86745362,11,9,1,1,8,9.09
57151632,2,0,2,0,2,0.0
84462245,5,3,1,1,5,20.0
143735,6,3,3,0,6,0.0
63257929,6,4,2,0,6,0.0
44951036,11,10,1,0,11,0.0
49642782,1,1,0,0,1,0.0
66962527,7,3,4,0,7,0.0
31222337,3,2,1,0,3,0.0
33266340,7,6,0,1,7,14.29
61098366,43,38,5,0,42,0.0
86632757,5,4,0,1,5,20.0
43336141,7,3,3,1,5,14.29
38510964,7,6,1,0,7,0.0
27159457,15,14,1,0,14,0.0
90832436,3,3,0,0,3,0.0
50116857,11,10,1,0,11,0.0
89810457,28,19,8,1,27,3.57
9917893,13,8,1,4,11,30.77
60994650,7,5,2,0,7,0.0
43147630,7,6,1,0,7,0.0
43324240,6,5,1,0,6,0.0
68120314,5,4,0,1,5,20.0
55751888,4,2,1,1,3,25.0
48648086,19,9,10,0,16,0.0
6502723,4,3,1,0,4,0.0
98270077,28,22,6,0,28,0.0
61610274,11,6,3,2,10,18.18
22925546,23,17,6,0,23,0.0
40131842,5,1,4,0,5,0.0
88500437,3,2,1,0,3,0.0
64314368,12,9,3,0,10,0.0
33688189,3,2,1,0,3,0.0
2642703,11,11,0,0,9,0.0
17862386,1,1,0,0,1,0.0
74031292,3,2,1,0,3,0.0
85283209,1,1,0,0,1,0.0
87895944,6,2,3,1,4,16.67
85625557,13,7,4,2,13,15.38
48812730,3,1,1,1,3,33.33
51569480,3,2,1,0,3,0.0
36104293,2,2,0,0,2,0.0
64292897,1,1,0,0,1,0.0
77557999,1,1,0,0,1,0.0
78062515,2,2,0,0,2,0.0
41679281,5,4,0,1,3,20.0
74030953,3,3,0,0,3,0.0
61034742,4,4,0,0,4,0.0
58784646,18,9,5,4,17,22.22
21575826,18,14,3,1,16,5.56
12150084,10,5,5,0,9,0.0
74383489,11,8,3,0,11,0.0
82631522,4,2,2,0,4,0.0
51677414,1,0,0,1,1,100.0
56120685,2,2,0,0,2,0.0
39863097,1,0,1,0,1,0.0
92816550,4,3,1,0,4,0.0
83326248,29,15,6,8,22,27.59
7408813,3,1,2,0,3,0.0
1833151,4,3,0,1,4,25.0
54413391,13,7,3,3,13,23.08
2814327,7,7,0,0,7,0.0
88032125,1,1,0,0,1,0.0
2710938,7,5,2,0,7,0.0
34427879,1,0,1,0,1,0.0
65651351,15,6,7,2,14,13.33
60861743,4,4,0,0,4,0.0
54492420,8,6,0,2,8,25.0
95793254,4,3,1,0,4,0.0
47873014,8,4,2,2,5,25.0
83398676,2,2,0,0,2,0.0
61587686,8,7,0,1,8,12.5
23174396,10,7,2,1,9,10.0
7614813,3,3,0,0,3,0.0
4237113,10,7,3,0,10,0.0
99366851,1,1,0,0,1,0.0
31993609,9,3,4,2,7,22.22
48074171,3,3,0,0,3,0.0
70887992,18,9,7,2,18,11.11
17525588,5,3,2,0,5,0.0
48014741,25,11,6,8,22,32.0
88942876,2,2,0,0,2,0.0
69979545,3,3,0,0,3,0.0
59614714,1,0,1,0,1,0.0
23101226,6,2,4,0,6,0.0
35111388,4,3,0,1,4,25.0
5527217,3,3,0,0,3,0.0
29147824,1,1,0,0,1,0.0
25541224,13,6,5,2,11,15.38
98513159,8,5,2,1,8,12.5
8955311,3,1,0,2,1,66.67
26031098,4,3,1,0,4,0.0
69013797,1,0,1,0,1,0.0
77279585,18,9,6,3,18,16.67
70295171,12,6,3,3,5,25.0
38705497,3,3,0,0,3,0.0
78877161,14,10,2,2,11,14.29
4239154,15,10,5,0,15,0.0
46862391,5,3,0,2,5,40.0
29624673,12,10,2,0,11,0.0
38279586,1,0,1,0,1,0.0
51918069,4,4,0,0,4,0.0
77237322,2,2,0,0,2,0.0
82948762,5,3,2,0,5,0.0
68076016,12,10,1,1,10,8.33
99561741,23,10,10,3,21,13.04
66155338,10,5,1,4,10,40.0
85140924,1,1,0,0,1,0.0
85524462,11,9,1,1,11,9.09
60215041,3,2,1,0,3,0.0
58101412,9,8,1,0,7,0.0
45725347,18,8,6,4,18,22.22
45893005,7,5,2,0,7,0.0
93802686,5,3,2,0,5,0.0
25882439,4,4,0,0,4,0.0
20603568,1,1,0,0,1,0.0
94533627,9,5,3,1,6,11.11
78580997,5,2,3,0,5,0.0
64393521,24,22,2,0,15,0.0
68428531,11,9,1,1,11,9.09
41670373,10,8,2,0,10,0.0
90975498,12,7,5,0,10,0.0
55392999,7,5,1,1,7,14.29
94814460,1,1,0,0,1,0.0
57668589,9,9,0,0,8,0.0
19255079,19,16,3,0,19,0.0
80355004,7,5,2,0,7,0.0
89105274,7,7,0,0,7,0.0
59071209,12,7,5,0,12,0.0
49466062,3,1,0,2,3,66.67
5085535,5,5,0,0,5,0.0
2127658,18,9,5,4,18,22.22
88032264,3,3,0,0,3,0.0
85524094,6,6,0,0,6,0.0
32945479,1,1,0,0,1,0.0
48633349,4,4,0,0,4,0.0
89149081,10,8,1,1,9,10.0
20892378,4,2,2,0,4,0.0
96346215,15,5,6,4,14,26.67
26856639,2,1,0,1,2,50.0
9437019,7,5,0,2,6,28.57
99754756,16,12,4,0,16,0.0
75213795,18,10,6,2,18,11.11
2332362,2,2,0,0,2,0.0
14386008,10,7,2,1,10,10.0
79105301,5,4,1,0,5,0.0
71398602,2,1,1,0,2,0.0
86078099,3,2,1,0,3,0.0
62964424,2,2,0,0,2,0.0
17993873,1,1,0,0,1,0.0
43155112,16,8,4,4,13,25.0
55193094,6,3,2,1,5,16.67
70172880,9,6,2,1,8,11.11
34793038,1,1,0,0,1,0.0
38196240,1,1,0,0,1,0.0
72069075,31,15,15,1,19,3.23
99598582,2,2,0,0,2,0.0
3468025,3,3,0,0,3,0.0
49329688,8,8,0,0,8,0.0
70111614,7,6,1,0,7,0.0
70160587,5,3,2,0,5,0.0
96370465,8,6,2,0,8,0.0
42672977,14,12,2,0,14,0.0
30784475,4,1,1,2,4,50.0
35894359,4,1,2,1,4,25.0
49682879,3,2,0,1,3,33.33
83559060,7,3,4,0,7,0.0
59407464,6,3,2,1,6,16.67
34542857,7,7,0,0,7,0.0
24117645,3,3,0,0,3,0.0
81895298,15,13,2,0,15,0.0
58209774,1,1,0,0,1,0.0
15644520,5,4,1,0,5,0.0
22503989,6,3,3,0,6,0.0
68963945,1,1,0,0,1,0.0
96707292,11,6,5,0,10,0.0
30365909,10,7,2,1,10,10.0
96698656,1,1,0,0,1,0.0
74071227,4,2,2,0,4,0.0
59975489,3,3,0,0,3,0.0
78133895,6,5,1,0,5,0.0
40299657,2,2,0,0,2,0.0
84997723,21,17,4,0,21,0.0
3782884,13,10,3,0,11,0.0
31629568,3,1,2,0,2,0.0
93986591,17,17,0,0,17,0.0
25238575,2,1,1,0,2,0.0
17699271,33,23,8,2,33,6.06
78286595,36,31,3,2,34,5.56
51394396,2,0,1,1,2,50.0
68434075,9,8,1,0,9,0.0
9456971,29,23,4,2,18,6.9
63124637,10,7,3,0,10,0.0
70999172,12,5,5,2,11,16.67
164129,5,2,2,1,5,20.0
98252891,3,3,0,0,3,0.0
70930766,6,2,3,1,5,16.67
95147086,4,1,2,1,3,25.0
86008415,4,4,0,0,3,0.0
39914767,4,3,1,0,4,0.0
84048902,5,4,1,0,4,0.0
60671637,1,1,0,0,1,0.0
59381345,3,3,0,0,3,0.0
15295059,2,1,1,0,2,0.0
73054068,8,5,3,0,2,0.0
56950317,1,1,0,0,1,0.0
48223048,5,1,3,1,3,20.0
37539871,3,1,2,0,3,0.0
38704313,8,6,2,0,8,0.0
78594428,1,1,0,0,1,0.0
88991380,12,9,3,0,12,0.0
36198526,6,6,0,0,6,0.0
5652092,12,7,5,0,11,0.0
84578717,1,0,1,0,1,0.0
72889863,2,2,0,0,2,0.0
6024690,1,1,0,0,1,0.0
46808826,2,2,0,0,2,0.0
1248603,2,2,0,0,2,0.0
96330801,5,5,0,0,5,0.0
1065008,2,1,1,0,2,0.0
40430999,2,2,0,0,2,0.0
57853478,2,2,0,0,2,0.0
93322895,3,3,0,0,3,0.0
74090628,1,0,1,0,1,0.0
38745208,9,4,5,0,9,0.0
36274438,6,3,2,1,6,16.67
59927334,25,18,7,0,25,0.0
620372,2,1,1,0,2,0.0
9416305,4,1,2,1,4,25.0
56569739,2,0,2,0,2,0.0
50667886,32,29,2,1,32,3.12
18171040,2,2,0,0,2,0.0
26764242,12,9,3,0,12,0.0
54492483,4,3,1,0,4,0.0
15983281,7,2,3,2,7,28.57
27764019,1,1,0,0,1,0.0
29454607,1,1,0,0,1,0.0
84530366,2,1,1,0,2,0.0
65543652,7,3,1,3,7,42.86
64959597,8,6,1,1,7,12.5
71261418,9,4,4,1,5,11.11
36033655,3,1,2,0,3,0.0
42513858,11,10,1,0,10,0.0
12414126,3,3,0,0,3,0.0
82484512,20,15,5,0,19,0.0
77878441,28,22,5,1,27,3.57
52091653,4,1,3,0,4,0.0
45839996,2,0,2,0,1,0.0
77237855,5,2,3,0,3,0.0
4957798,16,6,9,1,16,6.25
3823887,9,8,1,0,8,0.0
99092817,3,0,1,2,3,66.67
34514435,5,3,1,1,5,20.0
18428669,4,2,2,0,4,0.0
3964029,18,13,2,3,18,16.67
69925216,4,4,0,0,4,0.0
41347221,9,7,0,2,9,22.22
63021937,4,4,0,0,4,0.0
16965042,9,6,3,0,9,0.0
82621240,4,1,2,1,2,25.0
88001914,17,12,4,1,15,5.88
78315330,3,3,0,0,3,0.0
89785052,3,3,0,0,3,0.0
35820884,2,0,1,1,2,50.0
84120653,2,2,0,0,2,0.0
81137522,2,1,1,0,1,0.0
16847062,4,3,1,0,4,0.0
7533299,10,7,3,0,10,0.0
77830466,12,5,5,2,12,16.67
5596675,2,2,0,0,2,0.0
69891969,7,3,1,3,6,42.86
85709066,11,8,2,1,11,9.09
4745615,1,1,0,0,1,0.0
39115402,11,4,3,4,10,36.36
99832213,11,8,1,2,9,18.18
25853257,12,5,3,4,12,33.33
44214827,1,1,0,0,1,0.0
9111880,3,0,2,1,3,33.33
34981947,1,1,0,0,1,0.0
6300639,4,3,1,0,4,0.0
26571560,4,3,0,1,3,25.0
74653375,5,3,2,0,5,0.0
44675839,1,1,0,0,1,0.0
83525906,6,4,2,0,6,0.0
37291199,2,1,1,0,2,0.0
92650720,4,3,0,1,4,25.0
5324748,2,1,1,0,2,0.0
90082011,2,2,0,0,2,0.0
50199449,10,8,2,0,10,0.0
46908820,9,7,1,1,9,11.11
66229560,1,1,0,0,1,0.0
83059758,6,4,2,0,6,0.0
58718008,4,1,2,1,4,25.0
1281619,2,1,1,0,2,0.0
32978372,4,0,4,0,4,0.0
91394931,11,9,1,1,10,9.09
96190490,2,1,1,0,2,0.0
34033727,1,0,1,0,1,0.0
23494486,1,1,0,0,1,0.0
63738678,1,1,0,0,1,0.0
5287777,1,1,0,0,1,0.0
18649852,10,5,4,1,7,10.0
83093469,8,6,2,0,8,0.0
28343778,2,2,0,0,2,0.0
66762903,12,9,3,0,12,0.0
61134539,16,12,3,1,13,6.25
11237430,2,1,0,1,2,50.0
97797859,2,0,1,1,1,50.0
91647146,3,2,1,0,3,0.0
63232473,2,2,0,0,2,0.0
26357500,5,4,1,0,5,0.0
98802704,26,19,7,0,23,0.0
36753139,3,1,2,0,3,0.0
44380989,7,5,2,0,7,0.0
75331904,5,2,3,0,5,0.0
98641989,7,4,2,1,7,14.29
25822864,5,4,1,0,5,0.0
4361320,15,11,3,1,14,6.67
95473083,9,5,3,1,9,11.11
67590799,2,0,2,0,2,0.0
45343173,3,2,1,0,1,0.0
49225439,3,3,0,0,3,0.0
4862950,6,5,1,0,6,0.0
51771467,5,5,0,0,5,0.0
93139729,1,1,0,0,1,0.0
58054661,1,1,0,0,1,0.0
71834076,4,3,1,0,4,0.0
14962775,3,2,1,0,3,0.0
91007490,1,1,0,0,1,0.0
67182504,3,3,0,0,3,0.0
27267441,3,2,1,0,3,0.0
70770526,6,4,2,0,6,0.0
33711992,4,3,1,0,4,0.0
50823177,19,13,6,0,19,0.0
36801187,3,3,0,0,2,0.0
64000790,9,7,2,0,8,0.0
21919959,7,4,2,1,4,14.29
74383679,8,4,4,0,8,0.0
24526109,7,6,1,0,7,0.0
19921073,2,2,0,0,2,0.0
89776693,1,1,0,0,1,0.0
54623780,2,2,0,0,2,0.0
37614102,9,3,4,2,4,22.22
49772131,9,7,2,0,9,0.0
74843940,2,2,0,0,2,0.0
33636681,4,2,0,2,4,50.0
6761344,3,2,1,0,3,0.0
43775241,11,5,5,1,8,9.09
36102415,10,5,3,2,9,20.0
17808447,3,1,1,1,3,33.33
51718052,1,0,1,0,1,0.0
88118872,4,3,1,0,4,0.0
88820380,21,19,1,1,21,4.76
17716943,2,2,0,0,2,0.0
82093496,11,7,2,2,10,18.18
4190992,2,2,0,0,2,0.0
49651367,9,7,1,1,8,11.11
51008626,9,6,1,2,9,22.22
3705961,7,4,3,0,7,0.0
12467705,8,6,1,1,7,12.5
23769586,3,3,0,0,3,0.0
82681337,1,1,0,0,1,0.0
47739500,1,1,0,0,1,0.0
21600189,2,2,0,0,2,0.0
66928428,9,6,1,2,9,22.22
42358606,5,4,1,0,4,0.0
10923912,7,5,2,0,6,0.0
87993695,16,12,3,1,16,6.25
87140155,1,1,0,0,1,0.0
62868620,2,1,1,0,1,0.0
94018881,4,2,2,0,4,0.0
36416532,1,0,1,0,1,0.0
43896052,11,9,2,0,11,0.0
56922524,1,0,1,0,1,0.0
19710964,5,4,1,0,5,0.0
44547421,1,1,0,0,1,0.0
71939245,6,6,0,0,5,0.0
16754916,3,0,3,0,3,0.0
89953052,11,4,5,2,9,18.18
86831738,13,11,2,0,12,0.0
62391318,9,4,3,2,8,22.22
81367769,5,5,0,0,3,0.0
89959989,10,4,5,1,8,10.0
76530339,6,3,1,2,6,33.33
76455450,2,1,1,0,2,0.0
66416036,6,6,0,0,4,0.0
55188487,22,13,8,1,20,4.55
99687886,7,6,1,0,7,0.0
21470133,7,6,1,0,6,0.0
90077049,7,5,2,0,7,0.0
57870736,12,8,4,0,12,0.0
43349086,11,9,1,1,11,9.09
32888554,2,1,1,0,2,0.0
44783158,11,9,2,0,11,0.0
55994857,3,1,2,0,3,0.0
61688569,6,3,3,0,6,0.0
12378522,12,10,1,1,11,8.33
71634226,5,4,1,0,5,0.0
40378411,3,2,0,1,3,33.33
98006420,2,1,1,0,2,0.0
36446647,12,8,2,2,11,16.67
22295730,12,8,4,0,12,0.0
51985205,8,7,1,0,5,0.0
93903350,4,4,0,0,2,0.0
36812961,1,0,1,0,1,0.0
2872334,5,4,1,0,5,0.0
78959736,3,3,0,0,3,0.0
7785968,1,1,0,0,1,0.0
21923619,11,7,4,0,11,0.0
56034191,2,2,0,0,2,0.0
45081874,1,1,0,0,1,0.0
80495581,1,1,0,0,1,0.0
15239665,7,3,2,2,6,28.57
25029117,4,2,1,1,4,25.0
92858187,1,1,0,0,1,0.0
13696776,2,2,0,0,2,0.0
68600680,5,4,0,1,5,20.0
92793727,14,12,2,0,14,0.0
62163717,11,6,3,2,10,18.18
48949427,1,1,0,0,1,0.0
28657028,36,30,5,1,29,2.78
82642648,1,1,0,0,1,0.0
58973323,3,1,2,0,3,0.0
32873424,1,1,0,0,1,0.0
14882907,2,2,0,0,2,0.0
85955410,17,12,4,1,14,5.88
46819887,2,2,0,0,2,0.0
36908330,5,3,2,0,5,0.0
16564352,8,5,3,0,8,0.0
87448784,9,5,4,0,9,0.0
63379329,3,3,0,0,3,0.0
53742814,11,10,1,0,11,0.0
72998775,1,1,0,0,1,0.0
55251715,2,2,0,0,2,0.0
20772803,3,2,0,1,3,33.33
92510395,11,9,2,0,11,0.0
67856584,5,3,2,0,5,0.0
4865478,3,3,0,0,3,0.0
73122322,1,1,0,0,1,0.0
32738776,2,1,1,0,2,0.0
30188317,3,2,1,0,3,0.0
61431831,3,0,3,0,3,0.0
95823415,1,0,1,0,1,0.0
89204457,5,5,0,0,5,0.0
48535020,2,1,1,0,2,0.0
79739288,4,3,1,0,4,0.0
41576518,8,8,0,0,8,0.0
14237509,6,3,2,1,4,16.67
16156193,1,1,0,0,1,0.0
63908885,1,0,0,1,1,100.0
70996207,1,0,1,0,1,0.0
86781483,1,1,0,0,1,0.0
80381616,10,9,1,0,10,0.0
77637117,4,2,2,0,4,0.0
46448102,8,4,4,0,8,0.0
84724919,16,11,5,0,16,0.0
82372078,3,1,2,0,3,0.0
97803338,3,3,0,0,3,0.0
22261395,1,1,0,0,1,0.0
967523,1,1,0,0,1,0.0
67999230,10,5,3,2,7,20.0
80899031,1,1,0,0,1,0.0
3544383,8,7,1,0,8,0.0
73178545,11,8,2,1,11,9.09
22639723,4,3,1,0,4,0.0
32446288,1,0,0,1,1,100.0
35660070,12,10,2,0,12,0.0
81508936,4,3,1,0,4,0.0
24075775,4,2,2,0,3,0.0
43856393,1,1,0,0,1,0.0
99629272,1,1,0,0,1,0.0
27752401,5,5,0,0,5,0.0
52331394,23,22,1,0,22,0.0
50391259,5,2,3,0,5,0.0
69540400,9,4,5,0,9,0.0
95825714,1,1,0,0,1,0.0
42908205,3,2,1,0,2,0.0
70405060,1,1,0,0,1,0.0
85734236,2,2,0,0,1,0.0
999177,4,3,1,0,2,0.0
58528076,9,7,2,0,9,0.0
93203361,2,0,2,0,2,0.0
18957228,5,4,1,0,5,0.0
34225410,2,1,1,0,1,0.0
70866883,14,11,2,1,12,7.14
75674829,10,6,4,0,10,0.0
5556773,7,5,2,0,7,0.0
52069172,4,4,0,0,4,0.0
43386115,3,2,1,0,3,0.0
45359098,3,3,0,0,3,0.0
34881408,5,2,3,0,5,0.0
62037778,10,4,4,2,10,20.0
29300809,1,1,0,0,1,0.0
79601803,9,8,1,0,8,0.0
75481634,8,4,3,1,8,12.5
40896544,3,0,3,0,3,0.0
23240306,2,2,0,0,2,0.0
83522467,2,1,1,0,2,0.0
89609131,2,2,0,0,2,0.0
80986213,4,4,0,0,4,0.0
66816113,1,0,1,0,1,0.0
83817205,6,3,2,1,6,16.67
65139631,8,5,3,0,5,0.0
83988877,6,5,1,0,5,0.0
21759633,9,8,0,1,7,11.11
7700170,3,2,1,0,3,0.0
74787742,4,4,0,0,2,0.0
11896784,8,5,1,2,6,25.0
5253475,1,0,1,0,1,0.0
52309735,1,1,0,0,1,0.0
85020412,6,5,1,0,6,0.0
48117590,4,4,0,0,4,0.0
67327208,2,1,1,0,2,0.0
79327484,7,5,1,1,7,14.29
95246169,1,0,1,0,1,0.0
94036618,8,6,2,0,8,0.0
28257543,1,1,0,0,1,0.0
62973364,3,2,1,0,2,0.0
23921720,3,3,0,0,3,0.0
99260182,3,2,0,1,3,33.33
63384032,2,1,1,0,2,0.0
71430317,4,4,0,0,4,0.0
39776666,1,1,0,0,1,0.0
50438400,2,0,1,1,2,50.0
66393830,1,0,1,0,1,0.0
25911139,12,9,3,0,12,0.0
81476642,1,1,0,0,1,0.0
89087600,5,4,1,0,5,0.0
19309641,6,5,0,1,6,16.67
59627529,1,1,0,0,1,0.0
554722,12,9,2,1,9,8.33
636389,1,1,0,0,1,0.0
76832466,12,10,2,0,10,0.0
62708021,6,6,0,0,6,0.0
76929301,8,6,2,0,8,0.0
55959554,3,1,2,0,3,0.0
57400543,2,2,0,0,2,0.0
86474579,7,6,1,0,7,0.0
8529769,2,2,0,0,2,0.0
84104645,1,1,0,0,1,0.0
79422750,6,4,2,0,6,0.0
85582396,3,3,0,0,3,0.0
45834512,1,1,0,0,1,0.0
27020007,3,1,1,1,3,33.33
13639692,1,0,1,0,1,0.0
6517059,2,2,0,0,2,0.0
12971543,1,1,0,0,1,0.0
14077990,6,6,0,0,6,0.0
95177182,1,0,1,0,1,0.0
99827928,4,4,0,0,3,0.0
72704208,15,10,4,1,13,6.67
75762348,2,2,0,0,2,0.0
84069727,2,0,2,0,2,0.0
54565969,1,1,0,0,1,0.0
78567180,1,0,1,0,1,0.0
66676664,1,1,0,0,1,0.0
68907834,2,1,1,0,2,0.0
62654359,4,3,1,0,4,0.0
45870249,5,4,1,0,5,0.0
22883611,2,2,0,0,2,0.0
1315680,1,1,0,0,1,0.0
4985148,10,6,3,1,10,10.0
22073417,3,1,2,0,2,0.0
25731898,4,2,1,1,4,25.0
96702126,8,8,0,0,8,0.0
1105641,1,1,0,0,1,0.0
79529612,2,2,0,0,1,0.0
5068865,2,2,0,0,2,0.0
12826612,7,7,0,0,6,0.0
58028672,2,2,0,0,2,0.0
93707296,1,0,1,0,1,0.0
75665127,1,1,0,0,1,0.0
79718587,10,5,3,2,7,20.0
16940781,2,1,1,0,2,0.0
98497946,13,7,5,1,13,7.69
3746067,3,3,0,0,3,0.0
42192852,6,3,3,0,6,0.0
87214710,7,6,1,0,7,0.0
39149369,1,1,0,0,1,0.0
98501315,2,1,0,1,2,50.0
44307414,4,2,2,0,4,0.0
94018963,7,6,1,0,7,0.0
60136731,3,3,0,0,3,0.0
94827246,4,4,0,0,4,0.0
90530377,3,2,1,0,3,0.0
7513754,1,1,0,0,1,0.0
17629764,11,6,5,0,9,0.0
99614492,9,3,6,0,8,0.0
58954575,4,4,0,0,4,0.0
27806520,3,3,0,0,3,0.0
38298632,7,5,1,1,7,14.29
57774818,11,8,3,0,11,0.0
95888639,1,0,1,0,1,0.0
49109238,1,1,0,0,1,0.0
29828193,4,3,1,0,3,0.0
19568180,1,0,1,0,1,0.0
56768789,1,1,0,0,1,0.0
19791013,4,4,0,0,4,0.0
43908423,1,1,0,0,1,0.0
46489791,3,2,1,0,3,0.0
22540021,1,0,1,0,1,0.0
90350568,4,3,1,0,3,0.0
24940782,1,0,1,0,1,0.0
68107086,2,1,0,1,2,50.0
78048832,1,1,0,0,1,0.0
37655979,14,2,12,0,11,0.0
98229115,1,0,1,0,1,0.0
106464,3,1,2,0,2,0.0
66141183,2,2,0,0,2,0.0
86669908,5,4,1,0,5,0.0
84536259,7,2,3,2,7,28.57
99537219,2,2,0,0,2,0.0
79102413,4,2,2,0,4,0.0
36698070,2,1,1,0,2,0.0
94228314,9,8,0,1,8,11.11
91017831,1,1,0,0,1,0.0
24067562,2,1,1,0,2,0.0
68120581,1,1,0,0,1,0.0
95845738,4,4,0,0,4,0.0
78762732,2,0,1,1,2,50.0
3348106,12,5,7,0,12,0.0
74019283,1,1,0,0,1,0.0
9099185,4,3,1,0,4,0.0
66982686,1,0,1,0,1,0.0
11027480,6,1,4,1,6,16.67
79684582,14,11,3,0,14,0.0
22668863,3,1,2,0,3,0.0
44681399,13,7,4,2,13,15.38
28544952,1,1,0,0,1,0.0
35890395,11,5,6,0,7,0.0
98794366,5,4,1,0,5,0.0
12978750,1,1,0,0,1,0.0
44250178,2,1,1,0,2,0.0
55447029,1,0,1,0,1,0.0
30390031,3,1,1,1,3,33.33
2582661,12,11,1,0,12,0.0
43557686,3,1,1,1,3,33.33
20092582,11,8,2,1,11,9.09
56251328,3,2,0,1,3,33.33
66187433,1,1,0,0,1,0.0
48890701,15,14,1,0,15,0.0
57108935,1,1,0,0,1,0.0
63753685,8,3,4,1,8,12.5
52568377,1,1,0,0,1,0.0
64448001,1,1,0,0,1,0.0
2930406,2,2,0,0,2,0.0
71316252,2,0,2,0,2,0.0
7862652,12,11,1,0,11,0.0
27170217,2,2,0,0,2,0.0
21528756,9,7,2,0,8,0.0
55894839,5,5,0,0,5,0.0
95413446,4,3,0,1,4,25.0
43407722,4,3,1,0,4,0.0
37352484,3,3,0,0,3,0.0
27034602,1,1,0,0,1,0.0
6276938,5,5,0,0,5,0.0
1249889,1,1,0,0,1,0.0
13548164,3,2,1,0,3,0.0
75614722,5,3,2,0,5,0.0
48364811,16,8,6,2,15,12.5
4567653,5,3,1,1,4,20.0
21904513,4,4,0,0,4,0.0
34663472,1,1,0,0,1,0.0
20400235,2,1,0,1,2,50.0
29853043,5,4,1,0,3,0.0
77212841,1,1,0,0,1,0.0
97752320,7,7,0,0,7,0.0
15869896,5,3,2,0,5,0.0
92489006,1,0,1,0,1,0.0
82500387,3,3,0,0,3,0.0
626316,1,1,0,0,1,0.0
94519774,9,8,1,0,9,0.0
35266525,4,3,1,0,4,0.0
40577312,1,1,0,0,1,0.0
8593748,2,2,0,0,2,0.0
3821466,1,1,0,0,1,0.0
70807606,4,2,2,0,4,0.0
69621383,3,3,0,0,3,0.0
40356194,8,8,0,0,7,0.0
96056028,6,4,2,0,6,0.0
31116359,2,1,1,0,2,0.0
79911518,1,1,0,0,1,0.0
50345554,1,1,0,0,1,0.0
11254189,11,9,1,1,11,9.09
56061540,7,1,6,0,6,0.0
81362565,4,2,2,0,4,0.0
25824983,1,0,1,0,1,0.0
39998965,8,6,0,2,7,25.0
93735642,1,1,0,0,1,0.0
23296033,2,1,1,0,2,0.0
31662094,5,2,2,1,5,20.0
81733108,3,3,0,0,3,0.0
8996695,3,3,0,0,3,0.0
57874333,3,3,0,0,3,0.0
74413836,2,1,1,0,2,0.0
4564508,4,1,3,0,4,0.0
32761010,1,0,1,0,1,0.0
45890518,3,2,1,0,3,0.0
51545131,1,1,0,0,1,0.0
88900852,8,8,0,0,8,0.0
97960556,1,1,0,0,1,0.0
54042464,1,1,0,0,1,0.0
57572831,1,1,0,0,1,0.0
86796033,7,7,0,0,6,0.0
51209930,5,4,0,1,4,20.0
81997263,3,2,1,0,3,0.0
64227843,3,3,0,0,3,0.0
39742425,11,8,3,0,10,0.0
13455994,2,1,1,0,2,0.0
48992494,4,3,0,1,4,25.0
39712006,2,2,0,0,2,0.0
91047427,5,5,0,0,5,0.0
1790196,4,4,0,0,4,0.0
55912436,13,10,2,1,11,7.69
14981362,1,0,1,0,1,0.0
92158746,7,2,5,0,7,0.0
45983544,2,2,0,0,2,0.0
79156234,3,3,0,0,3,0.0
62853029,6,5,0,1,4,16.67
30011477,1,1,0,0,1,0.0
32669765,1,0,1,0,1,0.0
30129207,1,1,0,0,1,0.0
60069814,1,1,0,0,1,0.0
73859753,3,2,1,0,3,0.0
86355204,3,3,0,0,3,0.0
6081424,5,4,1,0,5,0.0
53134878,3,3,0,0,3,0.0
45087684,4,3,1,0,4,0.0
10451599,9,5,3,1,9,11.11
43277671,2,2,0,0,2,0.0
22536841,6,6,0,0,6,0.0
65768381,2,0,2,0,2,0.0
26459570,3,3,0,0,3,0.0
92326725,5,5,0,0,5,0.0
9759974,9,8,1,0,9,0.0
43662913,1,1,0,0,1,0.0
96721317,7,4,3,0,7,0.0
46357061,3,3,0,0,3,0.0
21591261,1,0,1,0,1,0.0
48006304,7,7,0,0,7,0.0
71847506,1,1,0,0,1,0.0
6227691,5,4,1,0,5,0.0
84503096,6,4,2,0,6,0.0
17617703,1,1,0,0,1,0.0
22450587,4,3,1,0,4,0.0
33025684,14,8,4,2,13,14.29
6473520,1,1,0,0,1,0.0
45812277,4,4,0,0,3,0.0
69861364,1,1,0,0,1,0.0
379652,9,7,2,0,9,0.0
21144532,4,3,0,1,4,25.0
79298378,1,1,0,0,1,0.0
80739140,2,2,0,0,2,0.0
84734665,6,5,1,0,6,0.0
6378817,1,1,0,0,1,0.0
36905650,4,3,1,0,4,0.0
44332215,3,3,0,0,3,0.0
94179404,3,2,1,0,3,0.0
80123763,4,4,0,0,4,0.0
87194575,2,2,0,0,2,0.0
79299313,2,2,0,0,2,0.0
35108287,8,5,2,1,8,12.5
67023694,6,2,3,1,5,16.67
72075546,5,5,0,0,4,0.0
27789721,4,3,0,1,4,25.0
79103255,2,2,0,0,2,0.0
5471947,1,1,0,0,1,0.0
21791157,1,1,0,0,1,0.0
86976959,9,9,0,0,9,0.0
65342182,3,2,1,0,3,0.0
42166123,2,1,1,0,2,0.0
65550230,9,6,2,1,9,11.11
32487908,2,1,1,0,2,0.0
14521734,1,1,0,0,1,0.0
16118355,2,1,0,1,2,50.0
14652530,6,6,0,0,6,0.0
22909520,3,1,2,0,3,0.0
19950865,3,2,0,1,3,33.33
44917340,1,1,0,0,1,0.0
61655887,10,8,1,1,10,10.0
33912429,3,3,0,0,3,0.0
33274073,1,1,0,0,1,0.0
3486554,1,1,0,0,1,0.0
10938740,1,1,0,0,1,0.0
56724139,1,1,0,0,1,0.0
94378550,2,2,0,0,2,0.0
54505674,2,2,0,0,1,0.0
45166811,1,1,0,0,1,0.0
54387366,1,1,0,0,1,0.0
98212179,2,2,0,0,2,0.0
93639554,1,1,0,0,1,0.0
83557927,6,3,3,0,6,0.0
83533948,4,3,1,0,3,0.0
50083718,1,1,0,0,1,0.0
12513909,2,2,0,0,2,0.0
95026471,2,1,1,0,2,0.0
60602362,1,0,1,0,1,0.0
6852934,3,2,1,0,3,0.0
52326483,1,1,0,0,1,0.0
23152340,6,5,0,1,6,16.67
16800495,2,2,0,0,2,0.0
73251366,1,1,0,0,1,0.0
40644658,1,1,0,0,1,0.0
73882248,3,3,0,0,3,0.0
70993522,3,2,1,0,3,0.0
15620861,1,1,0,0,1,0.0
50462610,3,1,2,0,3,0.0
80149716,10,6,3,1,9,10.0
33030162,2,1,1,0,2,0.0
41442062,1,1,0,0,1,0.0
84986180,2,0,2,0,1,0.0
29652707,4,3,1,0,4,0.0
68595617,5,3,2,0,5,0.0
97518394,3,2,1,0,3,0.0
27367019,3,2,0,1,3,33.33
13758337,4,3,1,0,4,0.0
37693536,1,1,0,0,1,0.0
19897003,3,2,1,0,3,0.0
66950682,1,1,0,0,1,0.0
361581,3,0,2,1,3,33.33
31889688,2,2,0,0,2,0.0
26596187,4,3,1,0,4,0.0
31570997,2,2,0,0,2,0.0
26975599,1,1,0,0,1,0.0
85952978,9,7,2,0,9,0.0
37460622,1,0,1,0,1,0.0
97395675,4,3,1,0,4,0.0
42521725,2,0,2,0,2,0.0
61661726,4,4,0,0,4,0.0
80513571,2,1,0,1,1,50.0
60214441,1,1,0,0,1,0.0
15082138,1,1,0,0,1,0.0
13256219,1,1,0,0,1,0.0
23809609,3,3,0,0,3,0.0
24647090,3,2,1,0,2,0.0
46123962,1,1,0,0,1,0.0
18631467,2,2,0,0,2,0.0
71759688,6,6,0,0,5,0.0
11034181,7,3,4,0,7,0.0
73198427,1,1,0,0,1,0.0
90888991,2,2,0,0,2,0.0
80245261,3,3,0,0,3,0.0
18109905,6,5,1,0,6,0.0
5512108,3,2,1,0,3,0.0
54491647,2,1,1,0,2,0.0
6014618,2,2,0,0,2,0.0
81881285,10,9,0,1,8,10.0
34094304,1,0,1,0,1,0.0
9456178,5,4,1,0,4,0.0
81662070,3,2,1,0,3,0.0
1362212,5,5,0,0,5,0.0
55392841,7,6,1,0,7,0.0
59184296,7,7,0,0,6,0.0
70342673,1,0,1,0,1,0.0
19722383,3,2,1,0,3,0.0
94348340,4,3,0,1,4,25.0
15078986,2,1,1,0,2,0.0
33275064,1,1,0,0,1,0.0
12281576,2,2,0,0,2,0.0
10781471,1,1,0,0,1,0.0
6939706,3,2,1,0,3,0.0
29200105,3,3,0,0,3,0.0
42230153,5,5,0,0,5,0.0
86327562,2,2,0,0,2,0.0
78747841,1,1,0,0,1,0.0
68836902,10,10,0,0,10,0.0
57022640,2,2,0,0,2,0.0
85237477,3,1,2,0,3,0.0
69425876,4,3,1,0,4,0.0
11887761,5,4,1,0,5,0.0
26843850,2,1,1,0,2,0.0
33785690,1,0,1,0,1,0.0
97067613,5,3,2,0,5,0.0
9137419,1,1,0,0,1,0.0
87971656,3,2,1,0,3,0.0
91356973,1,1,0,0,1,0.0
14789030,4,3,1,0,4,0.0
67985909,3,1,1,1,3,33.33
83989698,1,1,0,0,1,0.0
97681530,5,5,0,0,4,0.0
34033851,5,2,3,0,5,0.0
72341765,1,1,0,0,1,0.0
86595711,3,2,1,0,3,0.0
12434535,4,3,1,0,3,0.0
97651133,1,0,0,1,1,100.0
84002346,9,7,2,0,9,0.0
97371784,1,1,0,0,1,0.0
46495850,1,1,0,0,1,0.0
3985365,4,3,1,0,4,0.0
47379171,6,6,0,0,6,0.0
90750275,1,1,0,0,1,0.0
60562621,1,1,0,0,1,0.0
83461832,1,1,0,0,1,0.0
25858149,2,1,1,0,2,0.0
60222754,1,1,0,0,1,0.0
40930003,4,3,1,0,4,0.0
74134980,4,3,0,1,4,25.0
13035604,1,0,1,0,1,0.0
20131702,3,1,1,1,2,33.33
78022246,2,0,2,0,2,0.0
23136,1,1,0,0,1,0.0
86945125,1,1,0,0,1,0.0
93055031,11,8,0,3,10,27.27
97049683,4,4,0,0,4,0.0
66005476,2,2,0,0,2,0.0
67135468,4,2,2,0,3,0.0
94318419,2,1,1,0,2,0.0
53231955,5,5,0,0,5,0.0
97231543,2,0,1,1,2,50.0
47322057,1,1,0,0,1,0.0
99813470,1,1,0,0,1,0.0
22414322,1,1,0,0,1,0.0
77238064,2,2,0,0,2,0.0
40929059,3,3,0,0,3,0.0
14274538,1,0,1,0,1,0.0
34721412,1,1,0,0,1,0.0
12694644,1,1,0,0,1,0.0
64678817,4,4,0,0,4,0.0
19616559,5,4,1,0,5,0.0
22108487,6,5,1,0,6,0.0
28952216,1,1,0,0,1,0.0
4668816,3,0,2,1,2,33.33
88165223,1,0,1,0,1,0.0
67844816,1,1,0,0,1,0.0
61168197,2,2,0,0,1,0.0
41048993,1,1,0,0,1,0.0
21080002,7,5,1,1,5,14.29
67760753,1,1,0,0,1,0.0
76140353,2,2,0,0,2,0.0
12082028,1,1,0,0,1,0.0
71172538,1,1,0,0,1,0.0
63865809,2,2,0,0,2,0.0
7153645,1,1,0,0,1,0.0
94028392,1,0,1,0,1,0.0
38431794,2,2,0,0,2,0.0
32522329,4,4,0,0,4,0.0
55062787,5,4,1,0,5,0.0
89204453,1,1,0,0,1,0.0
63076873,7,3,4,0,7,0.0
23347154,2,2,0,0,2,0.0
62851875,2,2,0,0,2,0.0
39954021,1,0,1,0,1,0.0
56862336,4,3,0,1,2,25.0
94132613,1,1,0,0,1,0.0
86764461,5,5,0,0,5,0.0
32466418,1,1,0,0,1,0.0
92552218,1,1,0,0,1,0.0
68008333,3,2,1,0,3,0.0
7904075,8,5,1,2,1,25.0
40294100,2,1,1,0,2,0.0
40911718,5,3,1,1,5,20.0
49302774,1,1,0,0,1,0.0
2262481,1,1,0,0,1,0.0
22129958,15,12,3,0,15,0.0
38059212,6,3,3,0,6,0.0
33521364,8,5,3,0,8,0.0
91705946,3,3,0,0,3,0.0
79601717,3,2,1,0,3,0.0
13503901,2,1,1,0,2,0.0
39654677,1,1,0,0,1,0.0
21588617,3,1,2,0,3,0.0
68501038,1,0,1,0,1,0.0
3144193,2,2,0,0,2,0.0
83805335,1,1,0,0,1,0.0
45803700,2,2,0,0,2,0.0
53159405,5,5,0,0,4,0.0
51954852,1,1,0,0,1,0.0
74547095,1,1,0,0,1,0.0
61323204,2,2,0,0,2,0.0
40804824,3,3,0,0,3,0.0
47977190,5,4,1,0,5,0.0
61620351,1,0,1,0,1,0.0
90788741,3,2,1,0,3,0.0
71894752,1,1,0,0,1,0.0
25915648,1,1,0,0,1,0.0
87879625,2,2,0,0,2,0.0
97040040,2,1,1,0,2,0.0
91586431,4,2,2,0,4,0.0
57816807,1,0,1,0,1,0.0
39897461,1,1,0,0,1,0.0
28739694,6,2,2,2,6,33.33
59646740,1,1,0,0,1,0.0
78007338,1,0,1,0,1,0.0
51767075,6,5,1,0,6,0.0
16003212,3,3,0,0,3,0.0
39930527,5,4,1,0,5,0.0
5458147,1,0,1,0,1,0.0
5753470,2,2,0,0,2,0.0
58627059,1,1,0,0,1,0.0
76068811,7,7,0,0,7,0.0
9176260,4,4,0,0,4,0.0
33405791,1,1,0,0,1,0.0
68845374,3,3,0,0,3,0.0
89156713,2,2,0,0,2,0.0
86708355,1,1,0,0,1,0.0
97300496,7,6,1,0,7,0.0
64860824,1,0,1,0,1,0.0
52033124,1,1,0,0,1,0.0
2445986,5,3,2,0,5,0.0
48336762,2,1,0,1,2,50.0
4817277,5,2,2,1,5,20.0
34050240,2,1,0,1,2,50.0
12116146,1,1,0,0,1,0.0
498424,2,2,0,0,1,0.0
6284727,1,1,0,0,1,0.0
28161367,2,1,1,0,2,0.0
62111255,2,1,1,0,2,0.0
2018952,2,2,0,0,2,0.0
90686464,1,1,0,0,1,0.0
11742893,2,1,1,0,2,0.0
61081612,2,2,0,0,2,0.0
65000597,1,1,0,0,1,0.0
57179292,1,0,1,0,1,0.0
66452132,2,1,1,0,2,0.0
44254742,1,0,1,0,1,0.0
71992227,2,2,0,0,2,0.0
33080881,1,1,0,0,1,0.0
94090106,5,3,2,0,5,0.0
55926312,2,1,1,0,2,0.0
86235806,3,2,1,0,2,0.0
86954690,2,2,0,0,2,0.0
54663650,1,1,0,0,1,0.0
65197777,2,2,0,0,1,0.0
21419555,1,1,0,0,1,0.0
20630101,3,2,1,0,2,0.0
92417666,1,1,0,0,1,0.0
14241603,1,1,0,0,1,0.0
9401549,3,3,0,0,3,0.0
51671079,5,3,1,1,5,20.0
3153707,2,2,0,0,2,0.0
30704762,1,1,0,0,1,0.0
45871254,2,2,0,0,2,0.0
34759248,1,1,0,0,1,0.0
14461585,1,1,0,0,1,0.0
83782795,2,2,0,0,2,0.0
72596606,2,1,1,0,2,0.0
27434781,1,1,0,0,1,0.0
48980279,2,1,1,0,2,0.0
40255531,2,0,2,0,2,0.0
93963888,1,1,0,0,1,0.0
69388676,4,4,0,0,4,0.0
41853921,1,1,0,0,1,0.0
39080099,4,3,1,0,2,0.0
49404045,9,9,0,0,8,0.0
60019089,1,0,0,1,1,100.0
9426102,1,0,1,0,1,0.0
85678134,1,1,0,0,1,0.0
20942631,3,2,1,0,3,0.0
57007833,1,0,0,1,1,100.0
31660841,1,0,1,0,1,0.0
60684943,2,2,0,0,2,0.0
50639800,2,1,1,0,2,0.0
80654777,1,1,0,0,1,0.0
37195075,1,1,0,0,1,0.0
10493921,1,0,0,1,1,100.0
98789174,1,1,0,0,1,0.0
4858494,2,2,0,0,2,0.0
64049302,6,6,0,0,6,0.0
69172614,4,3,1,0,4,0.0
37385481,3,2,1,0,3,0.0
68722326,9,1,7,1,9,11.11
93950541,1,1,0,0,1,0.0
97763850,3,3,0,0,3,0.0
4894171,2,0,2,0,2,0.0
83725875,1,1,0,0,1,0.0
59725127,1,0,1,0,1,0.0
95598670,6,6,0,0,6,0.0
51854819,1,0,0,1,1,100.0
36306449,1,1,0,0,1,0.0
39144555,2,1,1,0,2,0.0
31584560,2,2,0,0,2,0.0
79434977,1,1,0,0,1,0.0
72105001,1,0,0,1,1,100.0
95753860,1,1,0,0,1,0.0
11577638,1,0,0,1,1,100.0
48625083,3,3,0,0,3,0.0
6062622,5,4,1,0,5,0.0
53848168,1,1,0,0,1,0.0
44603831,2,2,0,0,2,0.0
60888269,1,1,0,0,1,0.0
38824774,1,1,0,0,1,0.0
5141920,1,1,0,0,1,0.0
29483233,1,1,0,0,1,0.0
43719366,6,3,3,0,6,0.0
51405436,4,2,2,0,4,0.0
55869057,3,3,0,0,3,0.0
95154579,1,1,0,0,1,0.0
51306384,6,1,5,0,4,0.0
90706285,1,1,0,0,1,0.0
71439202,1,1,0,0,1,0.0
2220760,2,1,1,0,2,0.0
43552828,10,10,0,0,10,0.0
65783550,2,1,1,0,2,0.0
1739267,1,0,1,0,1,0.0
13188687,3,1,2,0,3,0.0
72233720,6,6,0,0,6,0.0
54006846,1,1,0,0,1,0.0
28276783,2,1,1,0,2,0.0
3389970,1,0,0,1,1,100.0
55506344,1,0,0,1,1,100.0
25145361,6,4,2,0,5,0.0
48305566,1,0,0,1,1,100.0
22221315,5,3,1,1,5,20.0
89596360,2,1,1,0,2,0.0
12399788,2,1,0,1,2,50.0
89688937,1,1,0,0,1,0.0
9887089,1,1,0,0,1,0.0
31956515,1,1,0,0,1,0.0
45422095,1,1,0,0,1,0.0
36445964,1,1,0,0,1,0.0
78325670,2,2,0,0,2,0.0
973326,1,0,1,0,1,0.0
48110874,3,3,0,0,3,0.0
65290738,5,2,3,0,5,0.0
38295713,1,1,0,0,1,0.0
32278223,2,1,1,0,2,0.0
94193838,2,0,2,0,2,0.0
41055564,1,1,0,0,1,0.0
43440280,1,1,0,0,1,0.0
28387914,2,1,0,1,2,50.0
92440925,1,1,0,0,1,0.0
67910572,2,2,0,0,2,0.0
38957760,2,2,0,0,2,0.0
92665272,3,3,0,0,3,0.0
69311695,1,1,0,0,1,0.0
72420701,3,3,0,0,2,0.0
63522659,14,13,1,0,13,0.0
33760536,2,2,0,0,2,0.0
25489875,1,1,0,0,1,0.0
88200106,1,1,0,0,1,0.0
2722555,1,1,0,0,1,0.0
62817881,2,2,0,0,2,0.0
33093326,1,0,1,0,1,0.0
58488042,1,0,1,0,1,0.0
68235800,1,0,1,0,1,0.0
21594379,1,1,0,0,1,0.0
12873225,5,4,1,0,5,0.0
92315450,2,0,2,0,2,0.0
15430667,4,3,1,0,4,0.0
71683521,6,4,2,0,6,0.0
81855704,1,1,0,0,1,0.0
12119096,2,2,0,0,2,0.0
36077526,3,2,1,0,3,0.0
9794240,1,1,0,0,1,0.0
31037049,4,4,0,0,4,0.0
46249816,1,1,0,0,1,0.0
896583,3,3,0,0,3,0.0
64875235,2,2,0,0,2,0.0
98634792,1,1,0,0,1,0.0
68656921,1,0,1,0,1,0.0
90499519,1,0,0,1,1,100.0
13195050,1,1,0,0,1,0.0
19098824,1,1,0,0,1,0.0
74053581,1,1,0,0,1,0.0
9680939,1,1,0,0,1,0.0
15145405,2,2,0,0,2,0.0
6324279,2,2,0,0,2,0.0
26029813,1,1,0,0,1,0.0
99715084,1,0,1,0,1,0.0
33865482,1,1,0,0,1,0.0
91079531,4,1,2,1,4,25.0
10375711,2,2,0,0,2,0.0
79145716,1,1,0,0,1,0.0
42202086,3,1,2,0,3,0.0
59592937,2,1,0,1,2,50.0
60711897,1,1,0,0,1,0.0
17947928,2,2,0,0,2,0.0
88336320,1,0,0,1,1,100.0
61739845,5,5,0,0,5,0.0
72876571,3,2,1,0,3,0.0
5182221,1,1,0,0,1,0.0
70640759,2,2,0,0,2,0.0
5350556,3,1,2,0,3,0.0
30436055,1,1,0,0,1,0.0
47570804,1,1,0,0,1,0.0
89411283,1,0,0,1,1,100.0
57899955,4,2,2,0,4,0.0
43790589,1,1,0,0,1,0.0
65801255,1,1,0,0,1,0.0
58506128,2,1,0,1,2,50.0
33884843,9,8,1,0,7,0.0
38584223,3,2,1,0,3,0.0
17564144,1,0,1,0,1,0.0
35182309,4,2,1,1,4,25.0
37864979,2,1,0,1,2,50.0
17104110,3,2,1,0,3,0.0
47643123,1,0,0,1,1,100.0
87107096,2,2,0,0,2,0.0
62907094,2,2,0,0,2,0.0
44266503,1,0,1,0,1,0.0
71614941,1,0,1,0,1,0.0
55003773,1,0,1,0,1,0.0
58228394,1,1,0,0,1,0.0
71122193,1,1,0,0,1,0.0
60246624,2,1,1,0,2,0.0
68078664,1,0,1,0,1,0.0
40176240,2,2,0,0,2,0.0
12897703,1,0,1,0,1,0.0
4106856,2,0,0,2,2,100.0
43411243,4,1,3,0,4,0.0
75467776,1,1,0,0,1,0.0
43000794,1,1,0,0,1,0.0
95257266,3,2,0,1,3,33.33
62046425,3,2,1,0,3,0.0
16869630,1,1,0,0,1,0.0
27826800,1,0,1,0,1,0.0
51774011,1,0,1,0,1,0.0
32389308,2,2,0,0,2,0.0
81859594,1,1,0,0,1,0.0
67929950,2,1,1,0,2,0.0
84740374,2,2,0,0,2,0.0
20575475,1,1,0,0,1,0.0
36090285,1,0,1,0,1,0.0
5531429,2,2,0,0,2,0.0
19733979,1,1,0,0,1,0.0
28275539,2,2,0,0,2,0.0
16603859,1,1,0,0,1,0.0
31063044,1,1,0,0,1,0.0
29686093,1,1,0,0,1,0.0
72766058,1,1,0,0,1,0.0
22760048,1,1,0,0,1,0.0
35898577,2,2,0,0,2,0.0
45287783,2,2,0,0,2,0.0
29947324,2,1,1,0,2,0.0
97568686,1,1,0,0,1,0.0
84787792,1,1,0,0,1,0.0
23885196,1,1,0,0,1,0.0
45317964,1,1,0,0,1,0.0
45508300,4,3,1,0,4,0.0
62602022,1,1,0,0,1,0.0
54958803,1,0,0,1,1,100.0
33124382,1,0,0,1,1,100.0
40509711,3,1,2,0,2,0.0
79552089,1,0,0,1,1,100.0
53705830,1,1,0,0,1,0.0
2790487,1,1,0,0,1,0.0
4833376,1,1,0,0,1,0.0
20882582,2,2,0,0,2,0.0
71606767,2,0,1,1,2,50.0
58934327,1,1,0,0,1,0.0
41229996,5,4,1,0,5,0.0
73799196,2,2,0,0,2,0.0
48763535,1,1,0,0,1,0.0
8571606,1,0,0,1,1,100.0
88850328,1,1,0,0,1,0.0
71120036,1,0,0,1,1,100.0
85458006,1,0,1,0,1,0.0
61509168,1,1,0,0,1,0.0
76036335,1,0,1,0,1,0.0
61130868,1,1,0,0,1,0.0
79126695,2,2,0,0,2,0.0
15698232,1,1,0,0,1,0.0
53051687,1,0,0,1,1,100.0
23010054,2,2,0,0,2,0.0
13983778,4,2,1,1,4,25.0
42218822,1,0,1,0,1,0.0
55816907,1,1,0,0,1,0.0
84772211,4,1,2,1,4,25.0
31279669,1,0,0,1,1,100.0
65561846,1,1,0,0,1,0.0
830289,2,2,0,0,2,0.0
63534783,1,1,0,0,1,0.0
91197776,1,1,0,0,1,0.0
47231906,2,2,0,0,2,0.0
95458710,1,0,1,0,1,0.0
39891457,2,2,0,0,2,0.0
38376562,1,1,0,0,1,0.0
85001763,1,1,0,0,1,0.0
85582241,1,0,1,0,1,0.0
5059186,2,2,0,0,2,0.0
6464157,1,1,0,0,1,0.0
4794306,1,1,0,0,1,0.0
81723196,2,1,1,0,2,0.0
80149907,2,2,0,0,2,0.0
93358471,2,2,0,0,2,0.0
18700123,3,3,0,0,3,0.0
56672935,1,1,0,0,1,0.0
40259374,5,5,0,0,5,0.0
68894637,1,0,1,0,1,0.0
266717,3,3,0,0,2,0.0
92277855,3,2,1,0,3,0.0
16285257,2,2,0,0,2,0.0
65769106,1,1,0,0,1,0.0
46119625,3,1,2,0,3,0.0
16760137,2,2,0,0,2,0.0
21282978,1,1,0,0,1,0.0
99466930,1,0,1,0,1,0.0
17179419,2,1,1,0,2,0.0
29670704,3,2,0,1,3,33.33
9783242,1,1,0,0,1,0.0
74125117,3,1,2,0,3,0.0
46973676,1,1,0,0,1,0.0
12005755,4,1,3,0,4,0.0
69495492,2,0,2,0,2,0.0
78233737,2,2,0,0,2,0.0
2801966,2,2,0,0,2,0.0
58497846,1,1,0,0,1,0.0
321270,1,0,1,0,1,0.0
54890755,2,2,0,0,2,0.0
19489049,3,2,1,0,3,0.0
24098723,2,1,1,0,2,0.0
41586776,1,1,0,0,1,0.0
49733067,8,3,5,0,8,0.0
97067893,1,0,1,0,1,0.0
45495809,2,0,2,0,2,0.0
69430872,1,1,0,0,1,0.0
44892174,1,1,0,0,1,0.0
32102769,1,0,1,0,1,0.0
41971908,1,1,0,0,1,0.0
375218,1,1,0,0,1,0.0
99946387,1,1,0,0,1,0.0
92211268,2,1,0,1,2,50.0
97621526,2,2,0,0,2,0.0
61998558,1,1,0,0,1,0.0
1408662,1,0,1,0,1,0.0
78552535,1,1,0,0,1,0.0
93199916,3,2,1,0,3,0.0
76800801,1,1,0,0,1,0.0
50006458,1,1,0,0,1,0.0
84710785,1,1,0,0,1,0.0
92271144,7,0,7,0,7,0.0
4474991,1,1,0,0,1,0.0
36335189,1,0,0,1,1,100.0
34972390,1,1,0,0,1,0.0
78518908,2,2,0,0,2,0.0
7153305,2,2,0,0,2,0.0
92759565,1,1,0,0,1,0.0
88643713,4,2,2,0,4,0.0
21938843,2,2,0,0,2,0.0
33447083,3,2,0,1,2,33.33
78509267,1,1,0,0,1,0.0
2339826,1,0,1,0,1,0.0
43154528,2,1,1,0,2,0.0
79698599,2,1,1,0,2,0.0
49630780,1,1,0,0,1,0.0
54224445,2,1,1,0,2,0.0
20955839,1,1,0,0,1,0.0
96826133,1,1,0,0,1,0.0
68219386,1,1,0,0,1,0.0
15241932,1,0,1,0,1,0.0
85498646,1,0,0,1,1,100.0
83638356,1,1,0,0,1,0.0
54447140,1,1,0,0,1,0.0
73949779,1,1,0,0,1,0.0
11929194,1,0,1,0,1,0.0
49936036,1,0,1,0,1,0.0
49986454,1,0,1,0,1,0.0
23473090,1,0,0,1,1,100.0
92781239,1,1,0,0,1,0.0
40660554,1,1,0,0,1,0.0
29243271,1,1,0,0,1,0.0
9179349,3,3,0,0,3,0.0
56181943,1,1,0,0,1,0.0
55162768,2,1,1,0,2,0.0
42098785,1,1,0,0,1,0.0
20974844,1,1,0,0,1,0.0
39480383,1,0,1,0,1,0.0
97461684,1,1,0,0,1,0.0
14237339,1,0,1,0,1,0.0
69320032,1,0,1,0,1,0.0
22381645,2,1,0,1,2,50.0
31373902,1,0,1,0,1,0.0
41844851,1,1,0,0,1,0.0
48478761,1,0,0,1,1,100.0
88376913,1,0,0,1,1,100.0
49538659,1,1,0,0,1,0.0
57866218,4,2,1,1,4,25.0
29441019,2,2,0,0,2,0.0
55680993,1,0,0,1,1,100.0
58609427,2,2,0,0,2,0.0
3034111,2,2,0,0,2,0.0
59034626,1,1,0,0,1,0.0
96830241,2,1,1,0,2,0.0
39549176,1,1,0,0,1,0.0
36296049,1,1,0,0,1,0.0
14370170,2,2,0,0,2,0.0
59405551,4,0,4,0,4,0.0
27188366,5,4,1,0,5,0.0
60130667,1,1,0,0,1,0.0
96551261,1,1,0,0,1,0.0
34716297,1,1,0,0,1,0.0
24066265,2,2,0,0,2,0.0
62238100,1,1,0,0,1,0.0
87881989,1,1,0,0,1,0.0
15698705,1,1,0,0,1,0.0
65263435,1,1,0,0,1,0.0
41828298,1,1,0,0,1,0.0
62012458,1,1,0,0,1,0.0
38612782,4,1,3,0,4,0.0
51761378,1,1,0,0,1,0.0
78083277,2,1,1,0,2,0.0
14498721,2,1,1,0,2,0.0
26358756,3,2,1,0,3,0.0
39946708,2,2,0,0,2,0.0
52290794,2,1,1,0,2,0.0
53310626,1,0,0,1,1,100.0
13167197,4,3,1,0,4,0.0
56852971,1,1,0,0,1,0.0
47021749,1,1,0,0,1,0.0
98068365,2,2,0,0,2,0.0
95651349,2,2,0,0,2,0.0
56993223,1,1,0,0,1,0.0
78370879,1,1,0,0,1,0.0
91060050,1,0,1,0,1,0.0
29077677,1,0,1,0,1,0.0
61037420,3,3,0,0,3,0.0
50999454,1,1,0,0,1,0.0
63195315,1,0,1,0,1,0.0
55446035,1,0,1,0,1,0.0
77184498,1,1,0,0,1,0.0
29576697,1,1,0,0,1,0.0
13443382,1,1,0,0,1,0.0
80994245,2,2,0,0,2,0.0
77982668,1,1,0,0,1,0.0
18723333,1,1,0,0,1,0.0
38558407,3,3,0,0,3,0.0
66840593,3,1,1,1,3,33.33
79249171,2,2,0,0,2,0.0
4830153,1,1,0,0,1,0.0
89426260,1,1,0,0,1,0.0
99338962,1,1,0,0,1,0.0
73010628,1,1,0,0,1,0.0
78599846,2,1,0,1,2,50.0
89777462,1,0,1,0,1,0.0
48802779,2,1,1,0,2,0.0
8030830,1,1,0,0,1,0.0
53226126,1,1,0,0,1,0.0
93660299,1,0,0,1,1,100.0
97522126,1,1,0,0,1,0.0
42417948,1,1,0,0,1,0.0
42013394,1,1,0,0,1,0.0
52852098,1,1,0,0,1,0.0
55862853,1,0,1,0,1,0.0
84809937,2,1,1,0,2,0.0
68827347,2,0,2,0,2,0.0
32855535,1,1,0,0,1,0.0
1408613,1,1,0,0,1,0.0
86964569,1,1,0,0,1,0.0
46927964,4,2,2,0,4,0.0
50922733,2,2,0,0,2,0.0
30953592,1,1,0,0,1,0.0
57632568,1,1,0,0,1,0.0
61362891,1,1,0,0,1,0.0
106263,1,1,0,0,1,0.0
41424715,1,1,0,0,1,0.0
5100095,1,1,0,0,1,0.0
32925215,1,1,0,0,1,0.0
8713267,1,1,0,0,1,0.0
17518850,1,1,0,0,1,0.0
31243595,1,0,1,0,1,0.0
60871998,1,1,0,0,1,0.0
9311000,3,3,0,0,3,0.0
48647545,1,1,0,0,1,0.0
27227366,1,1,0,0,1,0.0
53683833,1,1,0,0,1,0.0
25020658,1,1,0,0,1,0.0
41640360,1,1,0,0,1,0.0
70741368,1,0,1,0,1,0.0
96477427,1,1,0,0,1,0.0
